propertyCode,pullDateId,CancellationReason,CxlDate,Resv,RoomNights,RoomRev
US000009,919,4PM GUARANTEE,2023-08-01,0,0,$0.00
US000009,919,6PM GUARANTEE,2023-08-01,0,0,$0.00
US000009,919,CHANGE OF PLANS,2023-08-01,0,0,$0.00
US000009,919,DUPLICATE RESERVATION,2023-08-01,0,0,$0.00
US000009,919,FAMILY EMERGENCY,2023-08-01,1,1,$143.10
US000009,919,FLIGHT CANCELLATION,2023-08-01,0,0,$0.00
US000009,919,GROUP CANCELLATION,2023-08-01,0,0,$0.00
US000009,919,HOTEL FEATURES,2023-08-01,0,0,$0.00
US000009,919,NON - GTD,2023-08-01,0,0,$0.00
US000009,919,RATE RESISTANCE,2023-08-01,0,0,$0.00
US000009,919,TRAVEL CONCERN: HEALTH-SAFETY,2023-08-01,0,0,$0.00
US000009,919,UNKNOWN,2023-08-01,6,10,"$1,500.81"
US000009,919,USER ERROR,2023-08-01,0,0,$0.00
US000009,919,WEATHER,2023-08-01,0,0,$0.00
US000009,919,4PM GUARANTEE,2023-08-02,0,0,$0.00
US000009,919,6PM GUARANTEE,2023-08-02,0,0,$0.00
US000009,919,CHANGE OF PLANS,2023-08-02,2,3,$560.32
US000009,919,DUPLICATE RESERVATION,2023-08-02,9,17,"$2,209.00"
US000009,919,FAMILY EMERGENCY,2023-08-02,2,4,$584.98
US000009,919,FLIGHT CANCELLATION,2023-08-02,0,0,$0.00
US000009,919,GROUP CANCELLATION,2023-08-02,0,0,$0.00
US000009,919,HOTEL FEATURES,2023-08-02,0,0,$0.00
US000009,919,NON - GTD,2023-08-02,0,0,$0.00
US000009,919,RATE RESISTANCE,2023-08-02,1,1,$80.00
US000009,919,TRAVEL CONCERN: HEALTH-SAFETY,2023-08-02,0,0,$0.00
US000009,919,UNKNOWN,2023-08-02,5,11,"$1,734.20"
US000009,919,USER ERROR,2023-08-02,0,0,$0.00
US000009,919,WEATHER,2023-08-02,0,0,$0.00
US000009,919,4PM GUARANTEE,2023-08-03,0,0,$0.00
US000009,919,6PM GUARANTEE,2023-08-03,0,0,$0.00
US000009,919,CHANGE OF PLANS,2023-08-03,0,0,$0.00
US000009,919,DUPLICATE RESERVATION,2023-08-03,0,0,$0.00
US000009,919,FAMILY EMERGENCY,2023-08-03,0,0,$0.00
US000009,919,FLIGHT CANCELLATION,2023-08-03,0,0,$0.00
US000009,919,GROUP CANCELLATION,2023-08-03,0,0,$0.00
US000009,919,HOTEL FEATURES,2023-08-03,0,0,$0.00
US000009,919,NON - GTD,2023-08-03,0,0,$0.00
US000009,919,RATE RESISTANCE,2023-08-03,0,0,$0.00
US000009,919,TRAVEL CONCERN: HEALTH-SAFETY,2023-08-03,0,0,$0.00
US000009,919,UNKNOWN,2023-08-03,2,5,$608.87
US000009,919,USER ERROR,2023-08-03,0,0,$0.00
US000009,919,WEATHER,2023-08-03,0,0,$0.00
US000009,919,4PM GUARANTEE,2023-08-04,0,0,$0.00
US000009,919,6PM GUARANTEE,2023-08-04,0,0,$0.00
US000009,919,CHANGE OF PLANS,2023-08-04,3,5,"$1,018.10"
US000009,919,DUPLICATE RESERVATION,2023-08-04,0,0,$0.00
US000009,919,FAMILY EMERGENCY,2023-08-04,0,0,$0.00
US000009,919,FLIGHT CANCELLATION,2023-08-04,0,0,$0.00
US000009,919,GROUP CANCELLATION,2023-08-04,0,0,$0.00
US000009,919,HOTEL FEATURES,2023-08-04,0,0,$0.00
US000009,919,NON - GTD,2023-08-04,2,3,$596.00
US000009,919,RATE RESISTANCE,2023-08-04,0,0,$0.00
US000009,919,TRAVEL CONCERN: HEALTH-SAFETY,2023-08-04,0,0,$0.00
US000009,919,UNKNOWN,2023-08-04,2,3,$318.00
US000009,919,USER ERROR,2023-08-04,0,0,$0.00
US000009,919,WEATHER,2023-08-04,0,0,$0.00
US000009,919,4PM GUARANTEE,2023-08-05,0,0,$0.00
US000009,919,6PM GUARANTEE,2023-08-05,0,0,$0.00
US000009,919,CHANGE OF PLANS,2023-08-05,0,0,$0.00
US000009,919,DUPLICATE RESERVATION,2023-08-05,1,1,$248.00
US000009,919,FAMILY EMERGENCY,2023-08-05,0,0,$0.00
US000009,919,FLIGHT CANCELLATION,2023-08-05,0,0,$0.00
US000009,919,GROUP CANCELLATION,2023-08-05,0,0,$0.00
US000009,919,HOTEL FEATURES,2023-08-05,0,0,$0.00
US000009,919,NON - GTD,2023-08-05,0,0,$0.00
US000009,919,RATE RESISTANCE,2023-08-05,0,0,$0.00
US000009,919,TRAVEL CONCERN: HEALTH-SAFETY,2023-08-05,0,0,$0.00
US000009,919,UNKNOWN,2023-08-05,1,1,$218.50
US000009,919,USER ERROR,2023-08-05,0,0,$0.00
US000009,919,WEATHER,2023-08-05,0,0,$0.00
US000009,919,4PM GUARANTEE,2023-08-06,0,0,$0.00
US000009,919,6PM GUARANTEE,2023-08-06,0,0,$0.00
US000009,919,CHANGE OF PLANS,2023-08-06,1,1,$139.50
US000009,919,DUPLICATE RESERVATION,2023-08-06,0,0,$0.00
US000009,919,FAMILY EMERGENCY,2023-08-06,1,1,$109.80
US000009,919,FLIGHT CANCELLATION,2023-08-06,0,0,$0.00
US000009,919,GROUP CANCELLATION,2023-08-06,0,0,$0.00
US000009,919,HOTEL FEATURES,2023-08-06,0,0,$0.00
US000009,919,NON - GTD,2023-08-06,0,0,$0.00
US000009,919,RATE RESISTANCE,2023-08-06,0,0,$0.00
US000009,919,TRAVEL CONCERN: HEALTH-SAFETY,2023-08-06,0,0,$0.00
US000009,919,UNKNOWN,2023-08-06,5,8,"$1,439.12"
US000009,919,USER ERROR,2023-08-06,0,0,$0.00
US000009,919,WEATHER,2023-08-06,0,0,$0.00
US000009,919,4PM GUARANTEE,2023-08-07,0,0,$0.00
US000009,919,6PM GUARANTEE,2023-08-07,0,0,$0.00
US000009,919,CHANGE OF PLANS,2023-08-07,1,3,$571.50
US000009,919,DUPLICATE RESERVATION,2023-08-07,0,0,$0.00
US000009,919,FAMILY EMERGENCY,2023-08-07,0,0,$0.00
US000009,919,FLIGHT CANCELLATION,2023-08-07,0,0,$0.00
US000009,919,GROUP CANCELLATION,2023-08-07,0,0,$0.00
US000009,919,HOTEL FEATURES,2023-08-07,0,0,$0.00
US000009,919,NON - GTD,2023-08-07,0,0,$0.00
US000009,919,RATE RESISTANCE,2023-08-07,0,0,$0.00
US000009,919,TRAVEL CONCERN: HEALTH-SAFETY,2023-08-07,0,0,$0.00
US000009,919,UNKNOWN,2023-08-07,5,15,"$2,246.03"
US000009,919,USER ERROR,2023-08-07,0,0,$0.00
US000009,919,WEATHER,2023-08-07,0,0,$0.00
US000009,919,4PM GUARANTEE,2023-08-08,0,0,$0.00
US000009,919,6PM GUARANTEE,2023-08-08,0,0,$0.00
US000009,919,CHANGE OF PLANS,2023-08-08,0,0,$0.00
US000009,919,DUPLICATE RESERVATION,2023-08-08,0,0,$0.00
US000009,919,FAMILY EMERGENCY,2023-08-08,0,0,$0.00
US000009,919,FLIGHT CANCELLATION,2023-08-08,0,0,$0.00
US000009,919,GROUP CANCELLATION,2023-08-08,0,0,$0.00
US000009,919,HOTEL FEATURES,2023-08-08,0,0,$0.00
US000009,919,NON - GTD,2023-08-08,0,0,$0.00
US000009,919,RATE RESISTANCE,2023-08-08,0,0,$0.00
US000009,919,TRAVEL CONCERN: HEALTH-SAFETY,2023-08-08,0,0,$0.00
US000009,919,UNKNOWN,2023-08-08,1,1,$126.00
US000009,919,USER ERROR,2023-08-08,0,0,$0.00
US000009,919,WEATHER,2023-08-08,0,0,$0.00
US000009,919,4PM GUARANTEE,2023-08-09,0,0,$0.00
US000009,919,6PM GUARANTEE,2023-08-09,0,0,$0.00
US000009,919,CHANGE OF PLANS,2023-08-09,2,2,$239.00
US000009,919,DUPLICATE RESERVATION,2023-08-09,1,1,$143.00
US000009,919,FAMILY EMERGENCY,2023-08-09,1,1,$208.00
US000009,919,FLIGHT CANCELLATION,2023-08-09,0,0,$0.00
US000009,919,GROUP CANCELLATION,2023-08-09,0,0,$0.00
US000009,919,HOTEL FEATURES,2023-08-09,0,0,$0.00
US000009,919,NON - GTD,2023-08-09,0,0,$0.00
US000009,919,RATE RESISTANCE,2023-08-09,0,0,$0.00
US000009,919,TRAVEL CONCERN: HEALTH-SAFETY,2023-08-09,0,0,$0.00
US000009,919,UNKNOWN,2023-08-09,4,5,$677.89
US000009,919,USER ERROR,2023-08-09,0,0,$0.00
US000009,919,WEATHER,2023-08-09,0,0,$0.00
US000009,919,4PM GUARANTEE,2023-08-10,0,0,$0.00
US000009,919,6PM GUARANTEE,2023-08-10,0,0,$0.00
US000009,919,CHANGE OF PLANS,2023-08-10,3,6,"$1,044.90"
US000009,919,DUPLICATE RESERVATION,2023-08-10,0,0,$0.00
US000009,919,FAMILY EMERGENCY,2023-08-10,0,0,$0.00
US000009,919,FLIGHT CANCELLATION,2023-08-10,0,0,$0.00
US000009,919,GROUP CANCELLATION,2023-08-10,0,0,$0.00
US000009,919,HOTEL FEATURES,2023-08-10,0,0,$0.00
US000009,919,NON - GTD,2023-08-10,3,5,$921.70
US000009,919,RATE RESISTANCE,2023-08-10,0,0,$0.00
US000009,919,TRAVEL CONCERN: HEALTH-SAFETY,2023-08-10,0,0,$0.00
US000009,919,UNKNOWN,2023-08-10,1,1,$133.20
US000009,919,USER ERROR,2023-08-10,0,0,$0.00
US000009,919,WEATHER,2023-08-10,1,1,$178.00
US000009,919,4PM GUARANTEE,2023-08-11,0,0,$0.00
US000009,919,6PM GUARANTEE,2023-08-11,0,0,$0.00
US000009,919,CHANGE OF PLANS,2023-08-11,0,0,$0.00
US000009,919,DUPLICATE RESERVATION,2023-08-11,0,0,$0.00
US000009,919,FAMILY EMERGENCY,2023-08-11,0,0,$0.00
US000009,919,FLIGHT CANCELLATION,2023-08-11,0,0,$0.00
US000009,919,GROUP CANCELLATION,2023-08-11,0,0,$0.00
US000009,919,HOTEL FEATURES,2023-08-11,0,0,$0.00
US000009,919,NON - GTD,2023-08-11,3,6,$793.80
US000009,919,RATE RESISTANCE,2023-08-11,0,0,$0.00
US000009,919,TRAVEL CONCERN: HEALTH-SAFETY,2023-08-11,0,0,$0.00
US000009,919,UNKNOWN,2023-08-11,2,3,$433.65
US000009,919,USER ERROR,2023-08-11,1,1,$98.00
US000009,919,WEATHER,2023-08-11,0,0,$0.00
US000009,919,4PM GUARANTEE,2023-08-12,0,0,$0.00
US000009,919,6PM GUARANTEE,2023-08-12,0,0,$0.00
US000009,919,CHANGE OF PLANS,2023-08-12,0,0,$0.00
US000009,919,DUPLICATE RESERVATION,2023-08-12,0,0,$0.00
US000009,919,FAMILY EMERGENCY,2023-08-12,0,0,$0.00
US000009,919,FLIGHT CANCELLATION,2023-08-12,0,0,$0.00
US000009,919,GROUP CANCELLATION,2023-08-12,0,0,$0.00
US000009,919,HOTEL FEATURES,2023-08-12,0,0,$0.00
US000009,919,NON - GTD,2023-08-12,0,0,$0.00
US000009,919,RATE RESISTANCE,2023-08-12,0,0,$0.00
US000009,919,TRAVEL CONCERN: HEALTH-SAFETY,2023-08-12,0,0,$0.00
US000009,919,UNKNOWN,2023-08-12,1,2,$212.90
US000009,919,USER ERROR,2023-08-12,0,0,$0.00
US000009,919,WEATHER,2023-08-12,0,0,$0.00
US000009,919,4PM GUARANTEE,2023-08-13,0,0,$0.00
US000009,919,6PM GUARANTEE,2023-08-13,0,0,$0.00
US000009,919,CHANGE OF PLANS,2023-08-13,0,0,$0.00
US000009,919,DUPLICATE RESERVATION,2023-08-13,0,0,$0.00
US000009,919,FAMILY EMERGENCY,2023-08-13,0,0,$0.00
US000009,919,FLIGHT CANCELLATION,2023-08-13,0,0,$0.00
US000009,919,GROUP CANCELLATION,2023-08-13,0,0,$0.00
US000009,919,HOTEL FEATURES,2023-08-13,0,0,$0.00
US000009,919,NON - GTD,2023-08-13,0,0,$0.00
US000009,919,RATE RESISTANCE,2023-08-13,0,0,$0.00
US000009,919,TRAVEL CONCERN: HEALTH-SAFETY,2023-08-13,0,0,$0.00
US000009,919,UNKNOWN,2023-08-13,4,7,"$1,105.28"
US000009,919,USER ERROR,2023-08-13,0,0,$0.00
US000009,919,WEATHER,2023-08-13,0,0,$0.00
US000009,919,4PM GUARANTEE,2023-08-14,0,0,$0.00
US000009,919,6PM GUARANTEE,2023-08-14,0,0,$0.00
US000009,919,CHANGE OF PLANS,2023-08-14,3,3,$483.90
US000009,919,DUPLICATE RESERVATION,2023-08-14,3,3,$366.94
US000009,919,FAMILY EMERGENCY,2023-08-14,0,0,$0.00
US000009,919,FLIGHT CANCELLATION,2023-08-14,0,0,$0.00
US000009,919,GROUP CANCELLATION,2023-08-14,0,0,$0.00
US000009,919,HOTEL FEATURES,2023-08-14,0,0,$0.00
US000009,919,NON - GTD,2023-08-14,2,2,$276.60
US000009,919,RATE RESISTANCE,2023-08-14,0,0,$0.00
US000009,919,TRAVEL CONCERN: HEALTH-SAFETY,2023-08-14,0,0,$0.00
US000009,919,UNKNOWN,2023-08-14,7,10,"$1,957.68"
US000009,919,USER ERROR,2023-08-14,0,0,$0.00
US000009,919,WEATHER,2023-08-14,0,0,$0.00
US000009,919,4PM GUARANTEE,2023-08-15,0,0,$0.00
US000009,919,6PM GUARANTEE,2023-08-15,0,0,$0.00
US000009,919,CHANGE OF PLANS,2023-08-15,0,0,$0.00
US000009,919,DUPLICATE RESERVATION,2023-08-15,0,0,$0.00
US000009,919,FAMILY EMERGENCY,2023-08-15,0,0,$0.00
US000009,919,FLIGHT CANCELLATION,2023-08-15,0,0,$0.00
US000009,919,GROUP CANCELLATION,2023-08-15,0,0,$0.00
US000009,919,HOTEL FEATURES,2023-08-15,0,0,$0.00
US000009,919,NON - GTD,2023-08-15,0,0,$0.00
US000009,919,RATE RESISTANCE,2023-08-15,0,0,$0.00
US000009,919,TRAVEL CONCERN: HEALTH-SAFETY,2023-08-15,0,0,$0.00
US000009,919,UNKNOWN,2023-08-15,4,5,$787.30
US000009,919,USER ERROR,2023-08-15,0,0,$0.00
US000009,919,WEATHER,2023-08-15,0,0,$0.00
US000009,919,4PM GUARANTEE,2023-08-16,0,0,$0.00
US000009,919,6PM GUARANTEE,2023-08-16,0,0,$0.00
US000009,919,CHANGE OF PLANS,2023-08-16,2,2,$428.65
US000009,919,DUPLICATE RESERVATION,2023-08-16,0,0,$0.00
US000009,919,FAMILY EMERGENCY,2023-08-16,0,0,$0.00
US000009,919,FLIGHT CANCELLATION,2023-08-16,0,0,$0.00
US000009,919,GROUP CANCELLATION,2023-08-16,0,0,$0.00
US000009,919,HOTEL FEATURES,2023-08-16,0,0,$0.00
US000009,919,NON - GTD,2023-08-16,1,1,$173.00
US000009,919,RATE RESISTANCE,2023-08-16,0,0,$0.00
US000009,919,TRAVEL CONCERN: HEALTH-SAFETY,2023-08-16,2,2,$343.40
US000009,919,UNKNOWN,2023-08-16,4,5,$894.95
US000009,919,USER ERROR,2023-08-16,0,0,$0.00
US000009,919,WEATHER,2023-08-16,0,0,$0.00
US000009,919,4PM GUARANTEE,2023-08-17,0,0,$0.00
US000009,919,6PM GUARANTEE,2023-08-17,0,0,$0.00
US000009,919,CHANGE OF PLANS,2023-08-17,3,3,$648.60
US000009,919,DUPLICATE RESERVATION,2023-08-17,0,0,$0.00
US000009,919,FAMILY EMERGENCY,2023-08-17,0,0,$0.00
US000009,919,FLIGHT CANCELLATION,2023-08-17,0,0,$0.00
US000009,919,GROUP CANCELLATION,2023-08-17,0,0,$0.00
US000009,919,HOTEL FEATURES,2023-08-17,0,0,$0.00
US000009,919,NON - GTD,2023-08-17,0,0,$0.00
US000009,919,RATE RESISTANCE,2023-08-17,0,0,$0.00
US000009,919,TRAVEL CONCERN: HEALTH-SAFETY,2023-08-17,0,0,$0.00
US000009,919,UNKNOWN,2023-08-17,0,0,$0.00
US000009,919,USER ERROR,2023-08-17,0,0,$0.00
US000009,919,WEATHER,2023-08-17,0,0,$0.00
US000009,919,4PM GUARANTEE,2023-08-18,0,0,$0.00
US000009,919,6PM GUARANTEE,2023-08-18,0,0,$0.00
US000009,919,CHANGE OF PLANS,2023-08-18,2,4,$528.27
US000009,919,DUPLICATE RESERVATION,2023-08-18,0,0,$0.00
US000009,919,FAMILY EMERGENCY,2023-08-18,0,0,$0.00
US000009,919,FLIGHT CANCELLATION,2023-08-18,0,0,$0.00
US000009,919,GROUP CANCELLATION,2023-08-18,0,0,$0.00
US000009,919,HOTEL FEATURES,2023-08-18,0,0,$0.00
US000009,919,NON - GTD,2023-08-18,2,2,$635.00
US000009,919,RATE RESISTANCE,2023-08-18,0,0,$0.00
US000009,919,TRAVEL CONCERN: HEALTH-SAFETY,2023-08-18,1,1,$194.00
US000009,919,UNKNOWN,2023-08-18,6,17,"$2,695.97"
US000009,919,USER ERROR,2023-08-18,0,0,$0.00
US000009,919,WEATHER,2023-08-18,0,0,$0.00
US000009,919,4PM GUARANTEE,2023-08-19,0,0,$0.00
US000009,919,6PM GUARANTEE,2023-08-19,0,0,$0.00
US000009,919,CHANGE OF PLANS,2023-08-19,1,1,$310.00
US000009,919,DUPLICATE RESERVATION,2023-08-19,0,0,$0.00
US000009,919,FAMILY EMERGENCY,2023-08-19,0,0,$0.00
US000009,919,FLIGHT CANCELLATION,2023-08-19,0,0,$0.00
US000009,919,GROUP CANCELLATION,2023-08-19,0,0,$0.00
US000009,919,HOTEL FEATURES,2023-08-19,0,0,$0.00
US000009,919,NON - GTD,2023-08-19,4,4,"$1,237.00"
US000009,919,RATE RESISTANCE,2023-08-19,0,0,$0.00
US000009,919,TRAVEL CONCERN: HEALTH-SAFETY,2023-08-19,0,0,$0.00
US000009,919,UNKNOWN,2023-08-19,5,9,"$1,279.22"
US000009,919,USER ERROR,2023-08-19,1,1,$340.00
US000009,919,WEATHER,2023-08-19,0,0,$0.00
US000009,919,4PM GUARANTEE,2023-08-20,0,0,$0.00
US000009,919,6PM GUARANTEE,2023-08-20,0,0,$0.00
US000009,919,CHANGE OF PLANS,2023-08-20,0,0,$0.00
US000009,919,DUPLICATE RESERVATION,2023-08-20,0,0,$0.00
US000009,919,FAMILY EMERGENCY,2023-08-20,0,0,$0.00
US000009,919,FLIGHT CANCELLATION,2023-08-20,0,0,$0.00
US000009,919,GROUP CANCELLATION,2023-08-20,0,0,$0.00
US000009,919,HOTEL FEATURES,2023-08-20,0,0,$0.00
US000009,919,NON - GTD,2023-08-20,0,0,$0.00
US000009,919,RATE RESISTANCE,2023-08-20,0,0,$0.00
US000009,919,TRAVEL CONCERN: HEALTH-SAFETY,2023-08-20,0,0,$0.00
US000009,919,UNKNOWN,2023-08-20,3,6,"$1,025.24"
US000009,919,USER ERROR,2023-08-20,0,0,$0.00
US000009,919,WEATHER,2023-08-20,0,0,$0.00
US000009,919,4PM GUARANTEE,2023-08-21,0,0,$0.00
US000009,919,6PM GUARANTEE,2023-08-21,0,0,$0.00
US000009,919,CHANGE OF PLANS,2023-08-21,0,0,$0.00
US000009,919,DUPLICATE RESERVATION,2023-08-21,0,0,$0.00
US000009,919,FAMILY EMERGENCY,2023-08-21,0,0,$0.00
US000009,919,FLIGHT CANCELLATION,2023-08-21,0,0,$0.00
US000009,919,GROUP CANCELLATION,2023-08-21,0,0,$0.00
US000009,919,HOTEL FEATURES,2023-08-21,0,0,$0.00
US000009,919,NON - GTD,2023-08-21,0,0,$0.00
US000009,919,RATE RESISTANCE,2023-08-21,0,0,$0.00
US000009,919,TRAVEL CONCERN: HEALTH-SAFETY,2023-08-21,0,0,$0.00
US000009,919,UNKNOWN,2023-08-21,2,2,$324.40
US000009,919,USER ERROR,2023-08-21,0,0,$0.00
US000009,919,WEATHER,2023-08-21,0,0,$0.00
US000009,919,4PM GUARANTEE,2023-08-22,0,0,$0.00
US000009,919,6PM GUARANTEE,2023-08-22,0,0,$0.00
US000009,919,CHANGE OF PLANS,2023-08-22,1,1,$176.00
US000009,919,DUPLICATE RESERVATION,2023-08-22,0,0,$0.00
US000009,919,FAMILY EMERGENCY,2023-08-22,0,0,$0.00
US000009,919,FLIGHT CANCELLATION,2023-08-22,0,0,$0.00
US000009,919,GROUP CANCELLATION,2023-08-22,0,0,$0.00
US000009,919,HOTEL FEATURES,2023-08-22,0,0,$0.00
US000009,919,NON - GTD,2023-08-22,1,2,$408.60
US000009,919,RATE RESISTANCE,2023-08-22,0,0,$0.00
US000009,919,TRAVEL CONCERN: HEALTH-SAFETY,2023-08-22,0,0,$0.00
US000009,919,UNKNOWN,2023-08-22,1,1,$155.75
US000009,919,USER ERROR,2023-08-22,0,0,$0.00
US000009,919,WEATHER,2023-08-22,0,0,$0.00
US000009,919,4PM GUARANTEE,2023-08-23,0,0,$0.00
US000009,919,6PM GUARANTEE,2023-08-23,0,0,$0.00
US000009,919,CHANGE OF PLANS,2023-08-23,6,7,"$1,405.10"
US000009,919,DUPLICATE RESERVATION,2023-08-23,0,0,$0.00
US000009,919,FAMILY EMERGENCY,2023-08-23,1,1,$164.12
US000009,919,FLIGHT CANCELLATION,2023-08-23,0,0,$0.00
US000009,919,GROUP CANCELLATION,2023-08-23,0,0,$0.00
US000009,919,HOTEL FEATURES,2023-08-23,0,0,$0.00
US000009,919,NON - GTD,2023-08-23,2,3,$767.00
US000009,919,RATE RESISTANCE,2023-08-23,0,0,$0.00
US000009,919,TRAVEL CONCERN: HEALTH-SAFETY,2023-08-23,0,0,$0.00
US000009,919,UNKNOWN,2023-08-23,12,28,"$3,689.08"
US000009,919,USER ERROR,2023-08-23,0,0,$0.00
US000009,919,WEATHER,2023-08-23,0,0,$0.00
US000009,919,4PM GUARANTEE,2023-08-24,0,0,$0.00
US000009,919,6PM GUARANTEE,2023-08-24,0,0,$0.00
US000009,919,CHANGE OF PLANS,2023-08-24,1,1,$285.00
US000009,919,DUPLICATE RESERVATION,2023-08-24,0,0,$0.00
US000009,919,FAMILY EMERGENCY,2023-08-24,0,0,$0.00
US000009,919,FLIGHT CANCELLATION,2023-08-24,0,0,$0.00
US000009,919,GROUP CANCELLATION,2023-08-24,0,0,$0.00
US000009,919,HOTEL FEATURES,2023-08-24,0,0,$0.00
US000009,919,NON - GTD,2023-08-24,0,0,$0.00
US000009,919,RATE RESISTANCE,2023-08-24,0,0,$0.00
US000009,919,TRAVEL CONCERN: HEALTH-SAFETY,2023-08-24,0,0,$0.00
US000009,919,UNKNOWN,2023-08-24,2,8,"$1,191.68"
US000009,919,USER ERROR,2023-08-24,0,0,$0.00
US000009,919,WEATHER,2023-08-24,0,0,$0.00
US000009,919,4PM GUARANTEE,2023-08-25,0,0,$0.00
US000009,919,6PM GUARANTEE,2023-08-25,0,0,$0.00
US000009,919,CHANGE OF PLANS,2023-08-25,2,3,$544.20
US000009,919,DUPLICATE RESERVATION,2023-08-25,0,0,$0.00
US000009,919,FAMILY EMERGENCY,2023-08-25,1,1,$199.92
US000009,919,FLIGHT CANCELLATION,2023-08-25,0,0,$0.00
US000009,919,GROUP CANCELLATION,2023-08-25,0,0,$0.00
US000009,919,HOTEL FEATURES,2023-08-25,0,0,$0.00
US000009,919,NON - GTD,2023-08-25,1,1,$285.00
US000009,919,RATE RESISTANCE,2023-08-25,0,0,$0.00
US000009,919,TRAVEL CONCERN: HEALTH-SAFETY,2023-08-25,0,0,$0.00
US000009,919,UNKNOWN,2023-08-25,2,3,$568.30
US000009,919,USER ERROR,2023-08-25,0,0,$0.00
US000009,919,WEATHER,2023-08-25,0,0,$0.00
US000009,919,4PM GUARANTEE,2023-08-26,0,0,$0.00
US000009,919,6PM GUARANTEE,2023-08-26,0,0,$0.00
US000009,919,CHANGE OF PLANS,2023-08-26,1,1,$215.00
US000009,919,DUPLICATE RESERVATION,2023-08-26,0,0,$0.00
US000009,919,FAMILY EMERGENCY,2023-08-26,0,0,$0.00
US000009,919,FLIGHT CANCELLATION,2023-08-26,0,0,$0.00
US000009,919,GROUP CANCELLATION,2023-08-26,0,0,$0.00
US000009,919,HOTEL FEATURES,2023-08-26,0,0,$0.00
US000009,919,NON - GTD,2023-08-26,6,10,"$1,954.20"
US000009,919,RATE RESISTANCE,2023-08-26,0,0,$0.00
US000009,919,TRAVEL CONCERN: HEALTH-SAFETY,2023-08-26,0,0,$0.00
US000009,919,UNKNOWN,2023-08-26,2,8,$994.69
US000009,919,USER ERROR,2023-08-26,0,0,$0.00
US000009,919,WEATHER,2023-08-26,0,0,$0.00
US000009,919,4PM GUARANTEE,2023-08-27,0,0,$0.00
US000009,919,6PM GUARANTEE,2023-08-27,0,0,$0.00
US000009,919,CHANGE OF PLANS,2023-08-27,0,0,$0.00
US000009,919,DUPLICATE RESERVATION,2023-08-27,0,0,$0.00
US000009,919,FAMILY EMERGENCY,2023-08-27,0,0,$0.00
US000009,919,FLIGHT CANCELLATION,2023-08-27,0,0,$0.00
US000009,919,GROUP CANCELLATION,2023-08-27,0,0,$0.00
US000009,919,HOTEL FEATURES,2023-08-27,0,0,$0.00
US000009,919,NON - GTD,2023-08-27,4,4,$672.30
US000009,919,RATE RESISTANCE,2023-08-27,0,0,$0.00
US000009,919,TRAVEL CONCERN: HEALTH-SAFETY,2023-08-27,0,0,$0.00
US000009,919,UNKNOWN,2023-08-27,8,14,"$2,245.66"
US000009,919,USER ERROR,2023-08-27,0,0,$0.00
US000009,919,WEATHER,2023-08-27,0,0,$0.00
US000009,919,4PM GUARANTEE,2023-08-28,0,0,$0.00
US000009,919,6PM GUARANTEE,2023-08-28,0,0,$0.00
US000009,919,CHANGE OF PLANS,2023-08-28,5,5,$806.20
US000009,919,DUPLICATE RESERVATION,2023-08-28,3,6,"$1,134.55"
US000009,919,FAMILY EMERGENCY,2023-08-28,0,0,$0.00
US000009,919,FLIGHT CANCELLATION,2023-08-28,0,0,$0.00
US000009,919,GROUP CANCELLATION,2023-08-28,0,0,$0.00
US000009,919,HOTEL FEATURES,2023-08-28,0,0,$0.00
US000009,919,NON - GTD,2023-08-28,0,0,$0.00
US000009,919,RATE RESISTANCE,2023-08-28,0,0,$0.00
US000009,919,TRAVEL CONCERN: HEALTH-SAFETY,2023-08-28,0,0,$0.00
US000009,919,UNKNOWN,2023-08-28,2,7,$552.95
US000009,919,USER ERROR,2023-08-28,0,0,$0.00
US000009,919,WEATHER,2023-08-28,0,0,$0.00
US000009,919,4PM GUARANTEE,2023-08-29,0,0,$0.00
US000009,919,6PM GUARANTEE,2023-08-29,0,0,$0.00
US000009,919,CHANGE OF PLANS,2023-08-29,3,7,$964.19
US000009,919,DUPLICATE RESERVATION,2023-08-29,0,0,$0.00
US000009,919,FAMILY EMERGENCY,2023-08-29,0,0,$0.00
US000009,919,FLIGHT CANCELLATION,2023-08-29,0,0,$0.00
US000009,919,GROUP CANCELLATION,2023-08-29,0,0,$0.00
US000009,919,HOTEL FEATURES,2023-08-29,0,0,$0.00
US000009,919,NON - GTD,2023-08-29,0,0,$0.00
US000009,919,RATE RESISTANCE,2023-08-29,0,0,$0.00
US000009,919,TRAVEL CONCERN: HEALTH-SAFETY,2023-08-29,1,2,$286.00
US000009,919,UNKNOWN,2023-08-29,3,5,$739.31
US000009,919,USER ERROR,2023-08-29,0,0,$0.00
US000009,919,WEATHER,2023-08-29,0,0,$0.00
US000009,919,4PM GUARANTEE,2023-08-30,0,0,$0.00
US000009,919,6PM GUARANTEE,2023-08-30,0,0,$0.00
US000009,919,CHANGE OF PLANS,2023-08-30,1,1,$80.00
US000009,919,DUPLICATE RESERVATION,2023-08-30,0,0,$0.00
US000009,919,FAMILY EMERGENCY,2023-08-30,1,1,$121.55
US000009,919,FLIGHT CANCELLATION,2023-08-30,0,0,$0.00
US000009,919,GROUP CANCELLATION,2023-08-30,0,0,$0.00
US000009,919,HOTEL FEATURES,2023-08-30,1,3,$469.90
US000009,919,NON - GTD,2023-08-30,0,0,$0.00
US000009,919,RATE RESISTANCE,2023-08-30,0,0,$0.00
US000009,919,TRAVEL CONCERN: HEALTH-SAFETY,2023-08-30,0,0,$0.00
US000009,919,UNKNOWN,2023-08-30,4,8,"$1,634.20"
US000009,919,USER ERROR,2023-08-30,0,0,$0.00
US000009,919,WEATHER,2023-08-30,0,0,$0.00
US000009,919,4PM GUARANTEE,2023-08-31,0,0,$0.00
US000009,919,6PM GUARANTEE,2023-08-31,0,0,$0.00
US000009,919,CHANGE OF PLANS,2023-08-31,1,1,$169.10
US000009,919,DUPLICATE RESERVATION,2023-08-31,0,0,$0.00
US000009,919,FAMILY EMERGENCY,2023-08-31,0,0,$0.00
US000009,919,FLIGHT CANCELLATION,2023-08-31,0,0,$0.00
US000009,919,GROUP CANCELLATION,2023-08-31,0,0,$0.00
US000009,919,HOTEL FEATURES,2023-08-31,0,0,$0.00
US000009,919,NON - GTD,2023-08-31,0,0,$0.00
US000009,919,RATE RESISTANCE,2023-08-31,0,0,$0.00
US000009,919,TRAVEL CONCERN: HEALTH-SAFETY,2023-08-31,0,0,$0.00
US000009,919,UNKNOWN,2023-08-31,5,7,"$1,148.47"
US000009,919,USER ERROR,2023-08-31,0,0,$0.00
US000009,919,WEATHER,2023-08-31,0,0,$0.00
US000009,919,4PM GUARANTEE,2023-09-01,0,0,$0.00
US000009,919,6PM GUARANTEE,2023-09-01,0,0,$0.00
US000009,919,CHANGE OF PLANS,2023-09-01,1,2,$286.07
US000009,919,DUPLICATE RESERVATION,2023-09-01,0,0,$0.00
US000009,919,FAMILY EMERGENCY,2023-09-01,0,0,$0.00
US000009,919,FLIGHT CANCELLATION,2023-09-01,0,0,$0.00
US000009,919,GROUP CANCELLATION,2023-09-01,0,0,$0.00
US000009,919,HOTEL FEATURES,2023-09-01,0,0,$0.00
US000009,919,NON - GTD,2023-09-01,4,6,"$1,115.37"
US000009,919,RATE RESISTANCE,2023-09-01,0,0,$0.00
US000009,919,TRAVEL CONCERN: HEALTH-SAFETY,2023-09-01,0,0,$0.00
US000009,919,UNKNOWN,2023-09-01,1,1,$188.10
US000009,919,USER ERROR,2023-09-01,0,0,$0.00
US000009,919,WEATHER,2023-09-01,0,0,$0.00
US000009,919,4PM GUARANTEE,2023-09-02,0,0,$0.00
US000009,919,6PM GUARANTEE,2023-09-02,0,0,$0.00
US000009,919,CHANGE OF PLANS,2023-09-02,0,0,$0.00
US000009,919,DUPLICATE RESERVATION,2023-09-02,0,0,$0.00
US000009,919,FAMILY EMERGENCY,2023-09-02,0,0,$0.00
US000009,919,FLIGHT CANCELLATION,2023-09-02,0,0,$0.00
US000009,919,GROUP CANCELLATION,2023-09-02,0,0,$0.00
US000009,919,HOTEL FEATURES,2023-09-02,0,0,$0.00
US000009,919,NON - GTD,2023-09-02,8,16,"$3,037.01"
US000009,919,RATE RESISTANCE,2023-09-02,0,0,$0.00
US000009,919,TRAVEL CONCERN: HEALTH-SAFETY,2023-09-02,0,0,$0.00
US000009,919,UNKNOWN,2023-09-02,7,14,"$1,781.40"
US000009,919,USER ERROR,2023-09-02,0,0,$0.00
US000009,919,WEATHER,2023-09-02,0,0,$0.00
US000009,919,4PM GUARANTEE,2023-09-03,0,0,$0.00
US000009,919,6PM GUARANTEE,2023-09-03,0,0,$0.00
US000009,919,CHANGE OF PLANS,2023-09-03,5,6,$904.35
US000009,919,DUPLICATE RESERVATION,2023-09-03,0,0,$0.00
US000009,919,FAMILY EMERGENCY,2023-09-03,0,0,$0.00
US000009,919,FLIGHT CANCELLATION,2023-09-03,1,1,$159.00
US000009,919,GROUP CANCELLATION,2023-09-03,0,0,$0.00
US000009,919,HOTEL FEATURES,2023-09-03,0,0,$0.00
US000009,919,NON - GTD,2023-09-03,0,0,$0.00
US000009,919,RATE RESISTANCE,2023-09-03,0,0,$0.00
US000009,919,TRAVEL CONCERN: HEALTH-SAFETY,2023-09-03,0,0,$0.00
US000009,919,UNKNOWN,2023-09-03,5,7,"$1,456.52"
US000009,919,USER ERROR,2023-09-03,0,0,$0.00
US000009,919,WEATHER,2023-09-03,0,0,$0.00
US000009,919,4PM GUARANTEE,2023-09-04,0,0,$0.00
US000009,919,6PM GUARANTEE,2023-09-04,0,0,$0.00
US000009,919,CHANGE OF PLANS,2023-09-04,2,2,$290.10
US000009,919,DUPLICATE RESERVATION,2023-09-04,0,0,$0.00
US000009,919,FAMILY EMERGENCY,2023-09-04,0,0,$0.00
US000009,919,FLIGHT CANCELLATION,2023-09-04,0,0,$0.00
US000009,919,GROUP CANCELLATION,2023-09-04,0,0,$0.00
US000009,919,HOTEL FEATURES,2023-09-04,0,0,$0.00
US000009,919,NON - GTD,2023-09-04,0,0,$0.00
US000009,919,RATE RESISTANCE,2023-09-04,0,0,$0.00
US000009,919,TRAVEL CONCERN: HEALTH-SAFETY,2023-09-04,0,0,$0.00
US000009,919,UNKNOWN,2023-09-04,4,6,$870.34
US000009,919,USER ERROR,2023-09-04,0,0,$0.00
US000009,919,WEATHER,2023-09-04,0,0,$0.00
US000009,919,4PM GUARANTEE,2023-09-05,0,0,$0.00
US000009,919,6PM GUARANTEE,2023-09-05,0,0,$0.00
US000009,919,CHANGE OF PLANS,2023-09-05,1,1,$197.00
US000009,919,DUPLICATE RESERVATION,2023-09-05,0,0,$0.00
US000009,919,FAMILY EMERGENCY,2023-09-05,0,0,$0.00
US000009,919,FLIGHT CANCELLATION,2023-09-05,0,0,$0.00
US000009,919,GROUP CANCELLATION,2023-09-05,0,0,$0.00
US000009,919,HOTEL FEATURES,2023-09-05,0,0,$0.00
US000009,919,NON - GTD,2023-09-05,0,0,$0.00
US000009,919,RATE RESISTANCE,2023-09-05,0,0,$0.00
US000009,919,TRAVEL CONCERN: HEALTH-SAFETY,2023-09-05,0,0,$0.00
US000009,919,UNKNOWN,2023-09-05,3,9,"$1,282.47"
US000009,919,USER ERROR,2023-09-05,0,0,$0.00
US000009,919,WEATHER,2023-09-05,0,0,$0.00
US000009,919,4PM GUARANTEE,2023-09-06,0,0,$0.00
US000009,919,6PM GUARANTEE,2023-09-06,0,0,$0.00
US000009,919,CHANGE OF PLANS,2023-09-06,4,4,$665.00
US000009,919,DUPLICATE RESERVATION,2023-09-06,1,1,$137.00
US000009,919,FAMILY EMERGENCY,2023-09-06,1,4,$735.48
US000009,919,FLIGHT CANCELLATION,2023-09-06,0,0,$0.00
US000009,919,GROUP CANCELLATION,2023-09-06,0,0,$0.00
US000009,919,HOTEL FEATURES,2023-09-06,0,0,$0.00
US000009,919,NON - GTD,2023-09-06,0,0,$0.00
US000009,919,RATE RESISTANCE,2023-09-06,0,0,$0.00
US000009,919,TRAVEL CONCERN: HEALTH-SAFETY,2023-09-06,0,0,$0.00
US000009,919,UNKNOWN,2023-09-06,7,17,"$2,737.82"
US000009,919,USER ERROR,2023-09-06,0,0,$0.00
US000009,919,WEATHER,2023-09-06,0,0,$0.00
US000009,919,4PM GUARANTEE,2023-09-07,0,0,$0.00
US000009,919,6PM GUARANTEE,2023-09-07,0,0,$0.00
US000009,919,CHANGE OF PLANS,2023-09-07,1,1,$110.00
US000009,919,DUPLICATE RESERVATION,2023-09-07,0,0,$0.00
US000009,919,FAMILY EMERGENCY,2023-09-07,0,0,$0.00
US000009,919,FLIGHT CANCELLATION,2023-09-07,0,0,$0.00
US000009,919,GROUP CANCELLATION,2023-09-07,0,0,$0.00
US000009,919,HOTEL FEATURES,2023-09-07,0,0,$0.00
US000009,919,NON - GTD,2023-09-07,1,2,$361.00
US000009,919,RATE RESISTANCE,2023-09-07,0,0,$0.00
US000009,919,TRAVEL CONCERN: HEALTH-SAFETY,2023-09-07,0,0,$0.00
US000009,919,UNKNOWN,2023-09-07,4,10,"$1,428.63"
US000009,919,USER ERROR,2023-09-07,0,0,$0.00
US000009,919,WEATHER,2023-09-07,0,0,$0.00
US000009,919,4PM GUARANTEE,2023-09-08,0,0,$0.00
US000009,919,6PM GUARANTEE,2023-09-08,0,0,$0.00
US000009,919,CHANGE OF PLANS,2023-09-08,2,3,$457.25
US000009,919,DUPLICATE RESERVATION,2023-09-08,0,0,$0.00
US000009,919,FAMILY EMERGENCY,2023-09-08,1,1,$173.73
US000009,919,FLIGHT CANCELLATION,2023-09-08,0,0,$0.00
US000009,919,GROUP CANCELLATION,2023-09-08,0,0,$0.00
US000009,919,HOTEL FEATURES,2023-09-08,0,0,$0.00
US000009,919,NON - GTD,2023-09-08,1,2,$668.00
US000009,919,RATE RESISTANCE,2023-09-08,0,0,$0.00
US000009,919,TRAVEL CONCERN: HEALTH-SAFETY,2023-09-08,0,0,$0.00
US000009,919,UNKNOWN,2023-09-08,7,18,"$2,888.04"
US000009,919,USER ERROR,2023-09-08,0,0,$0.00
US000009,919,WEATHER,2023-09-08,0,0,$0.00
US000009,919,4PM GUARANTEE,2023-09-09,0,0,$0.00
US000009,919,6PM GUARANTEE,2023-09-09,0,0,$0.00
US000009,919,CHANGE OF PLANS,2023-09-09,1,1,$147.60
US000009,919,DUPLICATE RESERVATION,2023-09-09,0,0,$0.00
US000009,919,FAMILY EMERGENCY,2023-09-09,0,0,$0.00
US000009,919,FLIGHT CANCELLATION,2023-09-09,0,0,$0.00
US000009,919,GROUP CANCELLATION,2023-09-09,0,0,$0.00
US000009,919,HOTEL FEATURES,2023-09-09,0,0,$0.00
US000009,919,NON - GTD,2023-09-09,6,6,"$1,362.00"
US000009,919,RATE RESISTANCE,2023-09-09,0,0,$0.00
US000009,919,TRAVEL CONCERN: HEALTH-SAFETY,2023-09-09,0,0,$0.00
US000009,919,UNKNOWN,2023-09-09,2,2,$424.49
US000009,919,USER ERROR,2023-09-09,0,0,$0.00
US000009,919,WEATHER,2023-09-09,0,0,$0.00
US000009,919,4PM GUARANTEE,2023-09-10,0,0,$0.00
US000009,919,6PM GUARANTEE,2023-09-10,0,0,$0.00
US000009,919,CHANGE OF PLANS,2023-09-10,0,0,$0.00
US000009,919,DUPLICATE RESERVATION,2023-09-10,0,0,$0.00
US000009,919,FAMILY EMERGENCY,2023-09-10,0,0,$0.00
US000009,919,FLIGHT CANCELLATION,2023-09-10,0,0,$0.00
US000009,919,GROUP CANCELLATION,2023-09-10,0,0,$0.00
US000009,919,HOTEL FEATURES,2023-09-10,0,0,$0.00
US000009,919,NON - GTD,2023-09-10,0,0,$0.00
US000009,919,RATE RESISTANCE,2023-09-10,1,1,$158.00
US000009,919,TRAVEL CONCERN: HEALTH-SAFETY,2023-09-10,0,0,$0.00
US000009,919,UNKNOWN,2023-09-10,1,1,$124.38
US000009,919,USER ERROR,2023-09-10,0,0,$0.00
US000009,919,WEATHER,2023-09-10,0,0,$0.00
US000009,919,4PM GUARANTEE,2023-09-11,0,0,$0.00
US000009,919,6PM GUARANTEE,2023-09-11,0,0,$0.00
US000009,919,CHANGE OF PLANS,2023-09-11,4,4,$712.80
US000009,919,DUPLICATE RESERVATION,2023-09-11,1,1,$132.00
US000009,919,FAMILY EMERGENCY,2023-09-11,0,0,$0.00
US000009,919,FLIGHT CANCELLATION,2023-09-11,0,0,$0.00
US000009,919,GROUP CANCELLATION,2023-09-11,0,0,$0.00
US000009,919,HOTEL FEATURES,2023-09-11,0,0,$0.00
US000009,919,NON - GTD,2023-09-11,0,0,$0.00
US000009,919,RATE RESISTANCE,2023-09-11,0,0,$0.00
US000009,919,TRAVEL CONCERN: HEALTH-SAFETY,2023-09-11,0,0,$0.00
US000009,919,UNKNOWN,2023-09-11,3,8,"$1,216.31"
US000009,919,USER ERROR,2023-09-11,0,0,$0.00
US000009,919,WEATHER,2023-09-11,0,0,$0.00
US000009,919,4PM GUARANTEE,2023-09-12,0,0,$0.00
US000009,919,6PM GUARANTEE,2023-09-12,0,0,$0.00
US000009,919,CHANGE OF PLANS,2023-09-12,1,1,$98.00
US000009,919,DUPLICATE RESERVATION,2023-09-12,0,0,$0.00
US000009,919,FAMILY EMERGENCY,2023-09-12,0,0,$0.00
US000009,919,FLIGHT CANCELLATION,2023-09-12,0,0,$0.00
US000009,919,GROUP CANCELLATION,2023-09-12,0,0,$0.00
US000009,919,HOTEL FEATURES,2023-09-12,0,0,$0.00
US000009,919,NON - GTD,2023-09-12,0,0,$0.00
US000009,919,RATE RESISTANCE,2023-09-12,0,0,$0.00
US000009,919,TRAVEL CONCERN: HEALTH-SAFETY,2023-09-12,0,0,$0.00
US000009,919,UNKNOWN,2023-09-12,5,14,"$2,447.60"
US000009,919,USER ERROR,2023-09-12,0,0,$0.00
US000009,919,WEATHER,2023-09-12,0,0,$0.00
US000009,919,4PM GUARANTEE,2023-09-13,0,0,$0.00
US000009,919,6PM GUARANTEE,2023-09-13,0,0,$0.00
US000009,919,CHANGE OF PLANS,2023-09-13,3,5,$656.90
US000009,919,DUPLICATE RESERVATION,2023-09-13,0,0,$0.00
US000009,919,FAMILY EMERGENCY,2023-09-13,3,7,"$1,317.00"
US000009,919,FLIGHT CANCELLATION,2023-09-13,0,0,$0.00
US000009,919,GROUP CANCELLATION,2023-09-13,0,0,$0.00
US000009,919,HOTEL FEATURES,2023-09-13,0,0,$0.00
US000009,919,NON - GTD,2023-09-13,0,0,$0.00
US000009,919,RATE RESISTANCE,2023-09-13,1,4,$546.62
US000009,919,TRAVEL CONCERN: HEALTH-SAFETY,2023-09-13,0,0,$0.00
US000009,919,UNKNOWN,2023-09-13,6,6,"$1,201.50"
US000009,919,USER ERROR,2023-09-13,0,0,$0.00
US000009,919,WEATHER,2023-09-13,0,0,$0.00
US000009,919,4PM GUARANTEE,2023-09-14,0,0,$0.00
US000009,919,6PM GUARANTEE,2023-09-14,0,0,$0.00
US000009,919,CHANGE OF PLANS,2023-09-14,2,2,$425.00
US000009,919,DUPLICATE RESERVATION,2023-09-14,0,0,$0.00
US000009,919,FAMILY EMERGENCY,2023-09-14,0,0,$0.00
US000009,919,FLIGHT CANCELLATION,2023-09-14,0,0,$0.00
US000009,919,GROUP CANCELLATION,2023-09-14,0,0,$0.00
US000009,919,HOTEL FEATURES,2023-09-14,0,0,$0.00
US000009,919,NON - GTD,2023-09-14,0,0,$0.00
US000009,919,RATE RESISTANCE,2023-09-14,0,0,$0.00
US000009,919,TRAVEL CONCERN: HEALTH-SAFETY,2023-09-14,0,0,$0.00
US000009,919,UNKNOWN,2023-09-14,6,8,"$1,392.94"
US000009,919,USER ERROR,2023-09-14,0,0,$0.00
US000009,919,WEATHER,2023-09-14,0,0,$0.00
US000009,919,4PM GUARANTEE,2023-09-15,0,0,$0.00
US000009,919,6PM GUARANTEE,2023-09-15,0,0,$0.00
US000009,919,CHANGE OF PLANS,2023-09-15,4,6,"$1,093.61"
US000009,919,DUPLICATE RESERVATION,2023-09-15,0,0,$0.00
US000009,919,FAMILY EMERGENCY,2023-09-15,0,0,$0.00
US000009,919,FLIGHT CANCELLATION,2023-09-15,0,0,$0.00
US000009,919,GROUP CANCELLATION,2023-09-15,0,0,$0.00
US000009,919,HOTEL FEATURES,2023-09-15,0,0,$0.00
US000009,919,NON - GTD,2023-09-15,1,1,$234.85
US000009,919,RATE RESISTANCE,2023-09-15,0,0,$0.00
US000009,919,TRAVEL CONCERN: HEALTH-SAFETY,2023-09-15,0,0,$0.00
US000009,919,UNKNOWN,2023-09-15,2,2,$306.02
US000009,919,USER ERROR,2023-09-15,0,0,$0.00
US000009,919,WEATHER,2023-09-15,0,0,$0.00
US000009,919,4PM GUARANTEE,2023-09-16,0,0,$0.00
US000009,919,6PM GUARANTEE,2023-09-16,0,0,$0.00
US000009,919,CHANGE OF PLANS,2023-09-16,1,1,$193.00
US000009,919,DUPLICATE RESERVATION,2023-09-16,1,1,$148.00
US000009,919,FAMILY EMERGENCY,2023-09-16,0,0,$0.00
US000009,919,FLIGHT CANCELLATION,2023-09-16,0,0,$0.00
US000009,919,GROUP CANCELLATION,2023-09-16,0,0,$0.00
US000009,919,HOTEL FEATURES,2023-09-16,0,0,$0.00
US000009,919,NON - GTD,2023-09-16,4,4,$895.00
US000009,919,RATE RESISTANCE,2023-09-16,0,0,$0.00
US000009,919,TRAVEL CONCERN: HEALTH-SAFETY,2023-09-16,2,2,$230.00
US000009,919,UNKNOWN,2023-09-16,0,0,$0.00
US000009,919,USER ERROR,2023-09-16,0,0,$0.00
US000009,919,WEATHER,2023-09-16,0,0,$0.00
US000009,919,4PM GUARANTEE,2023-09-17,0,0,$0.00
US000009,919,6PM GUARANTEE,2023-09-17,0,0,$0.00
US000009,919,CHANGE OF PLANS,2023-09-17,11,24,"$2,960.78"
US000009,919,DUPLICATE RESERVATION,2023-09-17,3,3,$382.00
US000009,919,FAMILY EMERGENCY,2023-09-17,0,0,$0.00
US000009,919,FLIGHT CANCELLATION,2023-09-17,0,0,$0.00
US000009,919,GROUP CANCELLATION,2023-09-17,0,0,$0.00
US000009,919,HOTEL FEATURES,2023-09-17,0,0,$0.00
US000009,919,NON - GTD,2023-09-17,6,78,"$11,523.20"
US000009,919,RATE RESISTANCE,2023-09-17,0,0,$0.00
US000009,919,TRAVEL CONCERN: HEALTH-SAFETY,2023-09-17,0,0,$0.00
US000009,919,UNKNOWN,2023-09-17,2,2,$344.00
US000009,919,USER ERROR,2023-09-17,0,0,$0.00
US000009,919,WEATHER,2023-09-17,0,0,$0.00
US000009,919,4PM GUARANTEE,2023-09-18,0,0,$0.00
US000009,919,6PM GUARANTEE,2023-09-18,0,0,$0.00
US000009,919,CHANGE OF PLANS,2023-09-18,1,2,$457.30
US000009,919,DUPLICATE RESERVATION,2023-09-18,1,2,$327.70
US000009,919,FAMILY EMERGENCY,2023-09-18,0,0,$0.00
US000009,919,FLIGHT CANCELLATION,2023-09-18,0,0,$0.00
US000009,919,GROUP CANCELLATION,2023-09-18,0,0,$0.00
US000009,919,HOTEL FEATURES,2023-09-18,0,0,$0.00
US000009,919,NON - GTD,2023-09-18,0,0,$0.00
US000009,919,RATE RESISTANCE,2023-09-18,0,0,$0.00
US000009,919,TRAVEL CONCERN: HEALTH-SAFETY,2023-09-18,0,0,$0.00
US000009,919,UNKNOWN,2023-09-18,4,9,"$1,524.00"
US000009,919,USER ERROR,2023-09-18,0,0,$0.00
US000009,919,WEATHER,2023-09-18,0,0,$0.00
US000009,919,4PM GUARANTEE,2023-09-19,0,0,$0.00
US000009,919,6PM GUARANTEE,2023-09-19,0,0,$0.00
US000009,919,CHANGE OF PLANS,2023-09-19,2,4,$922.39
US000009,919,DUPLICATE RESERVATION,2023-09-19,0,0,$0.00
US000009,919,FAMILY EMERGENCY,2023-09-19,0,0,$0.00
US000009,919,FLIGHT CANCELLATION,2023-09-19,0,0,$0.00
US000009,919,GROUP CANCELLATION,2023-09-19,0,0,$0.00
US000009,919,HOTEL FEATURES,2023-09-19,0,0,$0.00
US000009,919,NON - GTD,2023-09-19,0,0,$0.00
US000009,919,RATE RESISTANCE,2023-09-19,0,0,$0.00
US000009,919,TRAVEL CONCERN: HEALTH-SAFETY,2023-09-19,0,0,$0.00
US000009,919,UNKNOWN,2023-09-19,6,21,"$3,608.62"
US000009,919,USER ERROR,2023-09-19,0,0,$0.00
US000009,919,WEATHER,2023-09-19,0,0,$0.00
US000009,919,4PM GUARANTEE,2023-09-20,0,0,$0.00
US000009,919,6PM GUARANTEE,2023-09-20,0,0,$0.00
US000009,919,CHANGE OF PLANS,2023-09-20,3,3,$448.60
US000009,919,DUPLICATE RESERVATION,2023-09-20,0,0,$0.00
US000009,919,FAMILY EMERGENCY,2023-09-20,0,0,$0.00
US000009,919,FLIGHT CANCELLATION,2023-09-20,0,0,$0.00
US000009,919,GROUP CANCELLATION,2023-09-20,0,0,$0.00
US000009,919,HOTEL FEATURES,2023-09-20,0,0,$0.00
US000009,919,NON - GTD,2023-09-20,1,1,$153.00
US000009,919,RATE RESISTANCE,2023-09-20,0,0,$0.00
US000009,919,TRAVEL CONCERN: HEALTH-SAFETY,2023-09-20,0,0,$0.00
US000009,919,UNKNOWN,2023-09-20,10,14,"$2,672.23"
US000009,919,USER ERROR,2023-09-20,0,0,$0.00
US000009,919,WEATHER,2023-09-20,0,0,$0.00
US000009,919,4PM GUARANTEE,2023-09-21,0,0,$0.00
US000009,919,6PM GUARANTEE,2023-09-21,0,0,$0.00
US000009,919,CHANGE OF PLANS,2023-09-21,0,0,$0.00
US000009,919,DUPLICATE RESERVATION,2023-09-21,0,0,$0.00
US000009,919,FAMILY EMERGENCY,2023-09-21,0,0,$0.00
US000009,919,FLIGHT CANCELLATION,2023-09-21,0,0,$0.00
US000009,919,GROUP CANCELLATION,2023-09-21,0,0,$0.00
US000009,919,HOTEL FEATURES,2023-09-21,0,0,$0.00
US000009,919,NON - GTD,2023-09-21,8,8,"$1,720.80"
US000009,919,RATE RESISTANCE,2023-09-21,0,0,$0.00
US000009,919,TRAVEL CONCERN: HEALTH-SAFETY,2023-09-21,0,0,$0.00
US000009,919,UNKNOWN,2023-09-21,3,5,$812.38
US000009,919,USER ERROR,2023-09-21,0,0,$0.00
US000009,919,WEATHER,2023-09-21,0,0,$0.00
US000009,919,4PM GUARANTEE,2023-09-22,0,0,$0.00
US000009,919,6PM GUARANTEE,2023-09-22,0,0,$0.00
US000009,919,CHANGE OF PLANS,2023-09-22,2,2,$438.10
US000009,919,DUPLICATE RESERVATION,2023-09-22,0,0,$0.00
US000009,919,FAMILY EMERGENCY,2023-09-22,0,0,$0.00
US000009,919,FLIGHT CANCELLATION,2023-09-22,0,0,$0.00
US000009,919,GROUP CANCELLATION,2023-09-22,0,0,$0.00
US000009,919,HOTEL FEATURES,2023-09-22,0,0,$0.00
US000009,919,NON - GTD,2023-09-22,3,21,"$2,925.00"
US000009,919,RATE RESISTANCE,2023-09-22,0,0,$0.00
US000009,919,TRAVEL CONCERN: HEALTH-SAFETY,2023-09-22,0,0,$0.00
US000009,919,UNKNOWN,2023-09-22,3,9,"$1,172.51"
US000009,919,USER ERROR,2023-09-22,0,0,$0.00
US000009,919,WEATHER,2023-09-22,0,0,$0.00
US000009,919,4PM GUARANTEE,2023-09-23,0,0,$0.00
US000009,919,6PM GUARANTEE,2023-09-23,0,0,$0.00
US000009,919,CHANGE OF PLANS,2023-09-23,0,0,$0.00
US000009,919,DUPLICATE RESERVATION,2023-09-23,0,0,$0.00
US000009,919,FAMILY EMERGENCY,2023-09-23,1,3,$407.00
US000009,919,FLIGHT CANCELLATION,2023-09-23,0,0,$0.00
US000009,919,GROUP CANCELLATION,2023-09-23,0,0,$0.00
US000009,919,HOTEL FEATURES,2023-09-23,0,0,$0.00
US000009,919,NON - GTD,2023-09-23,7,7,"$1,710.80"
US000009,919,RATE RESISTANCE,2023-09-23,0,0,$0.00
US000009,919,TRAVEL CONCERN: HEALTH-SAFETY,2023-09-23,0,0,$0.00
US000009,919,UNKNOWN,2023-09-23,0,0,$0.00
US000009,919,USER ERROR,2023-09-23,0,0,$0.00
US000009,919,WEATHER,2023-09-23,0,0,$0.00
US000009,919,4PM GUARANTEE,2023-09-24,0,0,$0.00
US000009,919,6PM GUARANTEE,2023-09-24,0,0,$0.00
US000009,919,CHANGE OF PLANS,2023-09-24,1,2,$327.70
US000009,919,DUPLICATE RESERVATION,2023-09-24,0,0,$0.00
US000009,919,FAMILY EMERGENCY,2023-09-24,1,2,$511.10
US000009,919,FLIGHT CANCELLATION,2023-09-24,0,0,$0.00
US000009,919,GROUP CANCELLATION,2023-09-24,0,0,$0.00
US000009,919,HOTEL FEATURES,2023-09-24,0,0,$0.00
US000009,919,NON - GTD,2023-09-24,0,0,$0.00
US000009,919,RATE RESISTANCE,2023-09-24,0,0,$0.00
US000009,919,TRAVEL CONCERN: HEALTH-SAFETY,2023-09-24,0,0,$0.00
US000009,919,UNKNOWN,2023-09-24,3,4,$557.41
US000009,919,USER ERROR,2023-09-24,0,0,$0.00
US000009,919,WEATHER,2023-09-24,0,0,$0.00
US000009,919,4PM GUARANTEE,2023-09-25,0,0,$0.00
US000009,919,6PM GUARANTEE,2023-09-25,0,0,$0.00
US000009,919,CHANGE OF PLANS,2023-09-25,1,2,$492.15
US000009,919,DUPLICATE RESERVATION,2023-09-25,0,0,$0.00
US000009,919,FAMILY EMERGENCY,2023-09-25,0,0,$0.00
US000009,919,FLIGHT CANCELLATION,2023-09-25,0,0,$0.00
US000009,919,GROUP CANCELLATION,2023-09-25,0,0,$0.00
US000009,919,HOTEL FEATURES,2023-09-25,0,0,$0.00
US000009,919,NON - GTD,2023-09-25,0,0,$0.00
US000009,919,RATE RESISTANCE,2023-09-25,0,0,$0.00
US000009,919,TRAVEL CONCERN: HEALTH-SAFETY,2023-09-25,0,0,$0.00
US000009,919,UNKNOWN,2023-09-25,5,8,"$1,255.34"
US000009,919,USER ERROR,2023-09-25,0,0,$0.00
US000009,919,WEATHER,2023-09-25,0,0,$0.00
US000009,919,4PM GUARANTEE,2023-09-26,0,0,$0.00
US000009,919,6PM GUARANTEE,2023-09-26,0,0,$0.00
US000009,919,CHANGE OF PLANS,2023-09-26,2,3,$470.72
US000009,919,DUPLICATE RESERVATION,2023-09-26,0,0,$0.00
US000009,919,FAMILY EMERGENCY,2023-09-26,0,0,$0.00
US000009,919,FLIGHT CANCELLATION,2023-09-26,0,0,$0.00
US000009,919,GROUP CANCELLATION,2023-09-26,0,0,$0.00
US000009,919,HOTEL FEATURES,2023-09-26,0,0,$0.00
US000009,919,NON - GTD,2023-09-26,0,0,$0.00
US000009,919,RATE RESISTANCE,2023-09-26,0,0,$0.00
US000009,919,TRAVEL CONCERN: HEALTH-SAFETY,2023-09-26,0,0,$0.00
US000009,919,UNKNOWN,2023-09-26,7,13,"$1,719.24"
US000009,919,USER ERROR,2023-09-26,0,0,$0.00
US000009,919,WEATHER,2023-09-26,0,0,$0.00
US000009,919,4PM GUARANTEE,2023-09-27,0,0,$0.00
US000009,919,6PM GUARANTEE,2023-09-27,0,0,$0.00
US000009,919,CHANGE OF PLANS,2023-09-27,1,1,$80.00
US000009,919,DUPLICATE RESERVATION,2023-09-27,0,0,$0.00
US000009,919,FAMILY EMERGENCY,2023-09-27,0,0,$0.00
US000009,919,FLIGHT CANCELLATION,2023-09-27,0,0,$0.00
US000009,919,GROUP CANCELLATION,2023-09-27,0,0,$0.00
US000009,919,HOTEL FEATURES,2023-09-27,0,0,$0.00
US000009,919,NON - GTD,2023-09-27,0,0,$0.00
US000009,919,RATE RESISTANCE,2023-09-27,0,0,$0.00
US000009,919,TRAVEL CONCERN: HEALTH-SAFETY,2023-09-27,0,0,$0.00
US000009,919,UNKNOWN,2023-09-27,10,15,"$3,290.24"
US000009,919,USER ERROR,2023-09-27,0,0,$0.00
US000009,919,WEATHER,2023-09-27,0,0,$0.00
US000009,919,4PM GUARANTEE,2023-09-28,0,0,$0.00
US000009,919,6PM GUARANTEE,2023-09-28,0,0,$0.00
US000009,919,CHANGE OF PLANS,2023-09-28,1,1,$152.78
US000009,919,DUPLICATE RESERVATION,2023-09-28,1,2,$315.30
US000009,919,FAMILY EMERGENCY,2023-09-28,0,0,$0.00
US000009,919,FLIGHT CANCELLATION,2023-09-28,0,0,$0.00
US000009,919,GROUP CANCELLATION,2023-09-28,0,0,$0.00
US000009,919,HOTEL FEATURES,2023-09-28,0,0,$0.00
US000009,919,NON - GTD,2023-09-28,0,0,$0.00
US000009,919,RATE RESISTANCE,2023-09-28,0,0,$0.00
US000009,919,TRAVEL CONCERN: HEALTH-SAFETY,2023-09-28,2,2,$448.80
US000009,919,UNKNOWN,2023-09-28,4,8,$894.31
US000009,919,USER ERROR,2023-09-28,0,0,$0.00
US000009,919,WEATHER,2023-09-28,0,0,$0.00
US000009,919,4PM GUARANTEE,2023-09-29,0,0,$0.00
US000009,919,6PM GUARANTEE,2023-09-29,0,0,$0.00
US000009,919,CHANGE OF PLANS,2023-09-29,0,0,$0.00
US000009,919,DUPLICATE RESERVATION,2023-09-29,2,2,$518.00
US000009,919,FAMILY EMERGENCY,2023-09-29,0,0,$0.00
US000009,919,FLIGHT CANCELLATION,2023-09-29,1,1,$266.90
US000009,919,GROUP CANCELLATION,2023-09-29,0,0,$0.00
US000009,919,HOTEL FEATURES,2023-09-29,0,0,$0.00
US000009,919,NON - GTD,2023-09-29,0,0,$0.00
US000009,919,RATE RESISTANCE,2023-09-29,0,0,$0.00
US000009,919,TRAVEL CONCERN: HEALTH-SAFETY,2023-09-29,0,0,$0.00
US000009,919,UNKNOWN,2023-09-29,0,0,$0.00
US000009,919,USER ERROR,2023-09-29,0,0,$0.00
US000009,919,WEATHER,2023-09-29,0,0,$0.00
US000009,919,4PM GUARANTEE,2023-09-30,0,0,$0.00
US000009,919,6PM GUARANTEE,2023-09-30,0,0,$0.00
US000009,919,CHANGE OF PLANS,2023-09-30,0,0,$0.00
US000009,919,DUPLICATE RESERVATION,2023-09-30,0,0,$0.00
US000009,919,FAMILY EMERGENCY,2023-09-30,1,1,$317.30
US000009,919,FLIGHT CANCELLATION,2023-09-30,0,0,$0.00
US000009,919,GROUP CANCELLATION,2023-09-30,0,0,$0.00
US000009,919,HOTEL FEATURES,2023-09-30,0,0,$0.00
US000009,919,NON - GTD,2023-09-30,6,34,"$5,441.00"
US000009,919,RATE RESISTANCE,2023-09-30,0,0,$0.00
US000009,919,TRAVEL CONCERN: HEALTH-SAFETY,2023-09-30,0,0,$0.00
US000009,919,UNKNOWN,2023-09-30,2,3,$363.62
US000009,919,USER ERROR,2023-09-30,0,0,$0.00
US000009,919,WEATHER,2023-09-30,0,0,$0.00
US000009,919,4PM GUARANTEE,2023-10-01,0,0,$0.00
US000009,919,6PM GUARANTEE,2023-10-01,0,0,$0.00
US000009,919,CHANGE OF PLANS,2023-10-01,0,0,$0.00
US000009,919,DUPLICATE RESERVATION,2023-10-01,0,0,$0.00
US000009,919,FAMILY EMERGENCY,2023-10-01,0,0,$0.00
US000009,919,FLIGHT CANCELLATION,2023-10-01,0,0,$0.00
US000009,919,GROUP CANCELLATION,2023-10-01,0,0,$0.00
US000009,919,HOTEL FEATURES,2023-10-01,0,0,$0.00
US000009,919,NON - GTD,2023-10-01,10,10,"$1,498.50"
US000009,919,RATE RESISTANCE,2023-10-01,0,0,$0.00
US000009,919,TRAVEL CONCERN: HEALTH-SAFETY,2023-10-01,0,0,$0.00
US000009,919,UNKNOWN,2023-10-01,4,6,$793.22
US000009,919,USER ERROR,2023-10-01,0,0,$0.00
US000009,919,WEATHER,2023-10-01,0,0,$0.00
US000009,919,4PM GUARANTEE,2023-10-02,0,0,$0.00
US000009,919,6PM GUARANTEE,2023-10-02,0,0,$0.00
US000009,919,CHANGE OF PLANS,2023-10-02,1,1,$49.00
US000009,919,DUPLICATE RESERVATION,2023-10-02,0,0,$0.00
US000009,919,FAMILY EMERGENCY,2023-10-02,0,0,$0.00
US000009,919,FLIGHT CANCELLATION,2023-10-02,0,0,$0.00
US000009,919,GROUP CANCELLATION,2023-10-02,1,1,$145.80
US000009,919,HOTEL FEATURES,2023-10-02,0,0,$0.00
US000009,919,NON - GTD,2023-10-02,4,4,$587.70
US000009,919,RATE RESISTANCE,2023-10-02,0,0,$0.00
US000009,919,TRAVEL CONCERN: HEALTH-SAFETY,2023-10-02,0,0,$0.00
US000009,919,UNKNOWN,2023-10-02,0,0,$0.00
US000009,919,USER ERROR,2023-10-02,0,0,$0.00
US000009,919,WEATHER,2023-10-02,0,0,$0.00
US000009,919,4PM GUARANTEE,2023-10-03,0,0,$0.00
US000009,919,6PM GUARANTEE,2023-10-03,0,0,$0.00
US000009,919,CHANGE OF PLANS,2023-10-03,0,0,$0.00
US000009,919,DUPLICATE RESERVATION,2023-10-03,0,0,$0.00
US000009,919,FAMILY EMERGENCY,2023-10-03,0,0,$0.00
US000009,919,FLIGHT CANCELLATION,2023-10-03,0,0,$0.00
US000009,919,GROUP CANCELLATION,2023-10-03,0,0,$0.00
US000009,919,HOTEL FEATURES,2023-10-03,0,0,$0.00
US000009,919,NON - GTD,2023-10-03,6,6,$934.20
US000009,919,RATE RESISTANCE,2023-10-03,0,0,$0.00
US000009,919,TRAVEL CONCERN: HEALTH-SAFETY,2023-10-03,0,0,$0.00
US000009,919,UNKNOWN,2023-10-03,1,1,$169.52
US000009,919,USER ERROR,2023-10-03,0,0,$0.00
US000009,919,WEATHER,2023-10-03,0,0,$0.00
US000009,919,4PM GUARANTEE,2023-10-04,0,0,$0.00
US000009,919,6PM GUARANTEE,2023-10-04,0,0,$0.00
US000009,919,CHANGE OF PLANS,2023-10-04,0,0,$0.00
US000009,919,DUPLICATE RESERVATION,2023-10-04,0,0,$0.00
US000009,919,FAMILY EMERGENCY,2023-10-04,0,0,$0.00
US000009,919,FLIGHT CANCELLATION,2023-10-04,0,0,$0.00
US000009,919,GROUP CANCELLATION,2023-10-04,0,0,$0.00
US000009,919,HOTEL FEATURES,2023-10-04,0,0,$0.00
US000009,919,NON - GTD,2023-10-04,11,17,"$2,712.00"
US000009,919,RATE RESISTANCE,2023-10-04,0,0,$0.00
US000009,919,TRAVEL CONCERN: HEALTH-SAFETY,2023-10-04,0,0,$0.00
US000009,919,UNKNOWN,2023-10-04,2,4,$627.00
US000009,919,USER ERROR,2023-10-04,0,0,$0.00
US000009,919,WEATHER,2023-10-04,0,0,$0.00
US000009,919,4PM GUARANTEE,2023-10-05,0,0,$0.00
US000009,919,6PM GUARANTEE,2023-10-05,0,0,$0.00
US000009,919,CHANGE OF PLANS,2023-10-05,2,2,$285.44
US000009,919,DUPLICATE RESERVATION,2023-10-05,0,0,$0.00
US000009,919,FAMILY EMERGENCY,2023-10-05,0,0,$0.00
US000009,919,FLIGHT CANCELLATION,2023-10-05,0,0,$0.00
US000009,919,GROUP CANCELLATION,2023-10-05,0,0,$0.00
US000009,919,HOTEL FEATURES,2023-10-05,0,0,$0.00
US000009,919,NON - GTD,2023-10-05,0,0,$0.00
US000009,919,RATE RESISTANCE,2023-10-05,0,0,$0.00
US000009,919,TRAVEL CONCERN: HEALTH-SAFETY,2023-10-05,0,0,$0.00
US000009,919,UNKNOWN,2023-10-05,1,1,$167.49
US000009,919,USER ERROR,2023-10-05,0,0,$0.00
US000009,919,WEATHER,2023-10-05,0,0,$0.00
US000009,919,4PM GUARANTEE,2023-10-06,0,0,$0.00
US000009,919,6PM GUARANTEE,2023-10-06,0,0,$0.00
US000009,919,CHANGE OF PLANS,2023-10-06,1,2,$548.10
US000009,919,DUPLICATE RESERVATION,2023-10-06,0,0,$0.00
US000009,919,FAMILY EMERGENCY,2023-10-06,0,0,$0.00
US000009,919,FLIGHT CANCELLATION,2023-10-06,0,0,$0.00
US000009,919,GROUP CANCELLATION,2023-10-06,0,0,$0.00
US000009,919,HOTEL FEATURES,2023-10-06,0,0,$0.00
US000009,919,NON - GTD,2023-10-06,8,8,"$2,040.00"
US000009,919,RATE RESISTANCE,2023-10-06,0,0,$0.00
US000009,919,TRAVEL CONCERN: HEALTH-SAFETY,2023-10-06,0,0,$0.00
US000009,919,UNKNOWN,2023-10-06,1,1,$120.56
US000009,919,USER ERROR,2023-10-06,0,0,$0.00
US000009,919,WEATHER,2023-10-06,0,0,$0.00
US000009,919,4PM GUARANTEE,2023-10-07,0,0,$0.00
US000009,919,6PM GUARANTEE,2023-10-07,0,0,$0.00
US000009,919,CHANGE OF PLANS,2023-10-07,1,2,$284.40
US000009,919,DUPLICATE RESERVATION,2023-10-07,0,0,$0.00
US000009,919,FAMILY EMERGENCY,2023-10-07,0,0,$0.00
US000009,919,FLIGHT CANCELLATION,2023-10-07,0,0,$0.00
US000009,919,GROUP CANCELLATION,2023-10-07,0,0,$0.00
US000009,919,HOTEL FEATURES,2023-10-07,0,0,$0.00
US000009,919,NON - GTD,2023-10-07,15,15,"$3,435.00"
US000009,919,RATE RESISTANCE,2023-10-07,0,0,$0.00
US000009,919,TRAVEL CONCERN: HEALTH-SAFETY,2023-10-07,0,0,$0.00
US000009,919,UNKNOWN,2023-10-07,2,3,$322.90
US000009,919,USER ERROR,2023-10-07,0,0,$0.00
US000009,919,WEATHER,2023-10-07,0,0,$0.00
US000009,919,4PM GUARANTEE,2023-10-08,0,0,$0.00
US000009,919,6PM GUARANTEE,2023-10-08,0,0,$0.00
US000009,919,CHANGE OF PLANS,2023-10-08,0,0,$0.00
US000009,919,DUPLICATE RESERVATION,2023-10-08,0,0,$0.00
US000009,919,FAMILY EMERGENCY,2023-10-08,0,0,$0.00
US000009,919,FLIGHT CANCELLATION,2023-10-08,0,0,$0.00
US000009,919,GROUP CANCELLATION,2023-10-08,0,0,$0.00
US000009,919,HOTEL FEATURES,2023-10-08,0,0,$0.00
US000009,919,NON - GTD,2023-10-08,4,4,$583.20
US000009,919,RATE RESISTANCE,2023-10-08,0,0,$0.00
US000009,919,TRAVEL CONCERN: HEALTH-SAFETY,2023-10-08,0,0,$0.00
US000009,919,UNKNOWN,2023-10-08,3,5,$742.30
US000009,919,USER ERROR,2023-10-08,0,0,$0.00
US000009,919,WEATHER,2023-10-08,0,0,$0.00
US000009,919,4PM GUARANTEE,2023-10-09,0,0,$0.00
US000009,919,6PM GUARANTEE,2023-10-09,0,0,$0.00
US000009,919,CHANGE OF PLANS,2023-10-09,1,3,$455.00
US000009,919,DUPLICATE RESERVATION,2023-10-09,0,0,$0.00
US000009,919,FAMILY EMERGENCY,2023-10-09,0,0,$0.00
US000009,919,FLIGHT CANCELLATION,2023-10-09,0,0,$0.00
US000009,919,GROUP CANCELLATION,2023-10-09,0,0,$0.00
US000009,919,HOTEL FEATURES,2023-10-09,0,0,$0.00
US000009,919,NON - GTD,2023-10-09,0,0,$0.00
US000009,919,RATE RESISTANCE,2023-10-09,0,0,$0.00
US000009,919,TRAVEL CONCERN: HEALTH-SAFETY,2023-10-09,0,0,$0.00
US000009,919,UNKNOWN,2023-10-09,3,5,$637.65
US000009,919,USER ERROR,2023-10-09,0,0,$0.00
US000009,919,WEATHER,2023-10-09,0,0,$0.00
US000009,919,4PM GUARANTEE,2023-10-10,0,0,$0.00
US000009,919,6PM GUARANTEE,2023-10-10,0,0,$0.00
US000009,919,CHANGE OF PLANS,2023-10-10,0,0,$0.00
US000009,919,DUPLICATE RESERVATION,2023-10-10,0,0,$0.00
US000009,919,FAMILY EMERGENCY,2023-10-10,0,0,$0.00
US000009,919,FLIGHT CANCELLATION,2023-10-10,0,0,$0.00
US000009,919,GROUP CANCELLATION,2023-10-10,0,0,$0.00
US000009,919,HOTEL FEATURES,2023-10-10,0,0,$0.00
US000009,919,NON - GTD,2023-10-10,12,12,"$1,688.40"
US000009,919,RATE RESISTANCE,2023-10-10,0,0,$0.00
US000009,919,TRAVEL CONCERN: HEALTH-SAFETY,2023-10-10,0,0,$0.00
US000009,919,UNKNOWN,2023-10-10,0,0,$0.00
US000009,919,USER ERROR,2023-10-10,0,0,$0.00
US000009,919,WEATHER,2023-10-10,0,0,$0.00
US000009,919,4PM GUARANTEE,2023-10-11,0,0,$0.00
US000009,919,6PM GUARANTEE,2023-10-11,0,0,$0.00
US000009,919,CHANGE OF PLANS,2023-10-11,1,1,$148.00
US000009,919,DUPLICATE RESERVATION,2023-10-11,0,0,$0.00
US000009,919,FAMILY EMERGENCY,2023-10-11,0,0,$0.00
US000009,919,FLIGHT CANCELLATION,2023-10-11,0,0,$0.00
US000009,919,GROUP CANCELLATION,2023-10-11,0,0,$0.00
US000009,919,HOTEL FEATURES,2023-10-11,0,0,$0.00
US000009,919,NON - GTD,2023-10-11,3,3,$396.90
US000009,919,RATE RESISTANCE,2023-10-11,0,0,$0.00
US000009,919,TRAVEL CONCERN: HEALTH-SAFETY,2023-10-11,0,0,$0.00
US000009,919,UNKNOWN,2023-10-11,6,21,"$2,707.55"
US000009,919,USER ERROR,2023-10-11,0,0,$0.00
US000009,919,WEATHER,2023-10-11,0,0,$0.00
US000009,919,4PM GUARANTEE,2023-10-12,0,0,$0.00
US000009,919,6PM GUARANTEE,2023-10-12,0,0,$0.00
US000009,919,CHANGE OF PLANS,2023-10-12,0,0,$0.00
US000009,919,DUPLICATE RESERVATION,2023-10-12,0,0,$0.00
US000009,919,FAMILY EMERGENCY,2023-10-12,0,0,$0.00
US000009,919,FLIGHT CANCELLATION,2023-10-12,0,0,$0.00
US000009,919,GROUP CANCELLATION,2023-10-12,0,0,$0.00
US000009,919,HOTEL FEATURES,2023-10-12,0,0,$0.00
US000009,919,NON - GTD,2023-10-12,0,0,$0.00
US000009,919,RATE RESISTANCE,2023-10-12,0,0,$0.00
US000009,919,TRAVEL CONCERN: HEALTH-SAFETY,2023-10-12,0,0,$0.00
US000009,919,UNKNOWN,2023-10-12,3,7,$943.35
US000009,919,USER ERROR,2023-10-12,0,0,$0.00
US000009,919,WEATHER,2023-10-12,0,0,$0.00
US000009,919,4PM GUARANTEE,2023-10-13,0,0,$0.00
US000009,919,6PM GUARANTEE,2023-10-13,0,0,$0.00
US000009,919,CHANGE OF PLANS,2023-10-13,2,2,$348.60
US000009,919,DUPLICATE RESERVATION,2023-10-13,2,5,$714.00
US000009,919,FAMILY EMERGENCY,2023-10-13,0,0,$0.00
US000009,919,FLIGHT CANCELLATION,2023-10-13,0,0,$0.00
US000009,919,GROUP CANCELLATION,2023-10-13,0,0,$0.00
US000009,919,HOTEL FEATURES,2023-10-13,0,0,$0.00
US000009,919,NON - GTD,2023-10-13,4,4,$627.70
US000009,919,RATE RESISTANCE,2023-10-13,0,0,$0.00
US000009,919,TRAVEL CONCERN: HEALTH-SAFETY,2023-10-13,0,0,$0.00
US000009,919,UNKNOWN,2023-10-13,2,4,$513.00
US000009,919,USER ERROR,2023-10-13,2,3,$545.00
US000009,919,WEATHER,2023-10-13,0,0,$0.00
US000009,919,4PM GUARANTEE,2023-10-14,0,0,$0.00
US000009,919,6PM GUARANTEE,2023-10-14,0,0,$0.00
US000009,919,CHANGE OF PLANS,2023-10-14,2,4,$614.18
US000009,919,DUPLICATE RESERVATION,2023-10-14,0,0,$0.00
US000009,919,FAMILY EMERGENCY,2023-10-14,0,0,$0.00
US000009,919,FLIGHT CANCELLATION,2023-10-14,0,0,$0.00
US000009,919,GROUP CANCELLATION,2023-10-14,0,0,$0.00
US000009,919,HOTEL FEATURES,2023-10-14,0,0,$0.00
US000009,919,NON - GTD,2023-10-14,2,2,$329.60
US000009,919,RATE RESISTANCE,2023-10-14,0,0,$0.00
US000009,919,TRAVEL CONCERN: HEALTH-SAFETY,2023-10-14,0,0,$0.00
US000009,919,UNKNOWN,2023-10-14,0,0,$0.00
US000009,919,USER ERROR,2023-10-14,1,1,$204.00
US000009,919,WEATHER,2023-10-14,0,0,$0.00
US000009,919,4PM GUARANTEE,2023-10-15,0,0,$0.00
US000009,919,6PM GUARANTEE,2023-10-15,0,0,$0.00
US000009,919,CHANGE OF PLANS,2023-10-15,0,0,$0.00
US000009,919,DUPLICATE RESERVATION,2023-10-15,0,0,$0.00
US000009,919,FAMILY EMERGENCY,2023-10-15,0,0,$0.00
US000009,919,FLIGHT CANCELLATION,2023-10-15,0,0,$0.00
US000009,919,GROUP CANCELLATION,2023-10-15,0,0,$0.00
US000009,919,HOTEL FEATURES,2023-10-15,0,0,$0.00
US000009,919,NON - GTD,2023-10-15,5,5,$652.50
US000009,919,RATE RESISTANCE,2023-10-15,0,0,$0.00
US000009,919,TRAVEL CONCERN: HEALTH-SAFETY,2023-10-15,0,0,$0.00
US000009,919,UNKNOWN,2023-10-15,2,14,"$1,645.20"
US000009,919,USER ERROR,2023-10-15,0,0,$0.00
US000009,919,WEATHER,2023-10-15,0,0,$0.00
US000009,919,4PM GUARANTEE,2023-10-16,0,0,$0.00
US000009,919,6PM GUARANTEE,2023-10-16,0,0,$0.00
US000009,919,CHANGE OF PLANS,2023-10-16,0,0,$0.00
US000009,919,DUPLICATE RESERVATION,2023-10-16,0,0,$0.00
US000009,919,FAMILY EMERGENCY,2023-10-16,0,0,$0.00
US000009,919,FLIGHT CANCELLATION,2023-10-16,0,0,$0.00
US000009,919,GROUP CANCELLATION,2023-10-16,0,0,$0.00
US000009,919,HOTEL FEATURES,2023-10-16,0,0,$0.00
US000009,919,NON - GTD,2023-10-16,9,11,"$1,620.90"
US000009,919,RATE RESISTANCE,2023-10-16,0,0,$0.00
US000009,919,TRAVEL CONCERN: HEALTH-SAFETY,2023-10-16,0,0,$0.00
US000009,919,UNKNOWN,2023-10-16,5,34,"$4,472.79"
US000009,919,USER ERROR,2023-10-16,0,0,$0.00
US000009,919,WEATHER,2023-10-16,0,0,$0.00
US000009,919,4PM GUARANTEE,2023-10-17,0,0,$0.00
US000009,919,6PM GUARANTEE,2023-10-17,0,0,$0.00
US000009,919,CHANGE OF PLANS,2023-10-17,0,0,$0.00
US000009,919,DUPLICATE RESERVATION,2023-10-17,0,0,$0.00
US000009,919,FAMILY EMERGENCY,2023-10-17,0,0,$0.00
US000009,919,FLIGHT CANCELLATION,2023-10-17,0,0,$0.00
US000009,919,GROUP CANCELLATION,2023-10-17,0,0,$0.00
US000009,919,HOTEL FEATURES,2023-10-17,0,0,$0.00
US000009,919,NON - GTD,2023-10-17,2,2,$311.40
US000009,919,RATE RESISTANCE,2023-10-17,0,0,$0.00
US000009,919,TRAVEL CONCERN: HEALTH-SAFETY,2023-10-17,0,0,$0.00
US000009,919,UNKNOWN,2023-10-17,1,1,$148.50
US000009,919,USER ERROR,2023-10-17,0,0,$0.00
US000009,919,WEATHER,2023-10-17,0,0,$0.00
US000009,919,4PM GUARANTEE,2023-10-18,0,0,$0.00
US000009,919,6PM GUARANTEE,2023-10-18,0,0,$0.00
US000009,919,CHANGE OF PLANS,2023-10-18,0,0,$0.00
US000009,919,DUPLICATE RESERVATION,2023-10-18,0,0,$0.00
US000009,919,FAMILY EMERGENCY,2023-10-18,0,0,$0.00
US000009,919,FLIGHT CANCELLATION,2023-10-18,0,0,$0.00
US000009,919,GROUP CANCELLATION,2023-10-18,0,0,$0.00
US000009,919,HOTEL FEATURES,2023-10-18,0,0,$0.00
US000009,919,NON - GTD,2023-10-18,10,78,"$11,034.00"
US000009,919,RATE RESISTANCE,2023-10-18,0,0,$0.00
US000009,919,TRAVEL CONCERN: HEALTH-SAFETY,2023-10-18,0,0,$0.00
US000009,919,UNKNOWN,2023-10-18,2,3,$357.00
US000009,919,USER ERROR,2023-10-18,0,0,$0.00
US000009,919,WEATHER,2023-10-18,0,0,$0.00
US000009,919,4PM GUARANTEE,2023-10-19,0,0,$0.00
US000009,919,6PM GUARANTEE,2023-10-19,0,0,$0.00
US000009,919,CHANGE OF PLANS,2023-10-19,0,0,$0.00
US000009,919,DUPLICATE RESERVATION,2023-10-19,0,0,$0.00
US000009,919,FAMILY EMERGENCY,2023-10-19,0,0,$0.00
US000009,919,FLIGHT CANCELLATION,2023-10-19,0,0,$0.00
US000009,919,GROUP CANCELLATION,2023-10-19,0,0,$0.00
US000009,919,HOTEL FEATURES,2023-10-19,0,0,$0.00
US000009,919,NON - GTD,2023-10-19,7,55,"$7,645.50"
US000009,919,RATE RESISTANCE,2023-10-19,0,0,$0.00
US000009,919,TRAVEL CONCERN: HEALTH-SAFETY,2023-10-19,0,0,$0.00
US000009,919,UNKNOWN,2023-10-19,0,0,$0.00
US000009,919,USER ERROR,2023-10-19,1,4,$500.00
US000009,919,WEATHER,2023-10-19,0,0,$0.00
US000009,919,4PM GUARANTEE,2023-10-20,0,0,$0.00
US000009,919,6PM GUARANTEE,2023-10-20,0,0,$0.00
US000009,919,CHANGE OF PLANS,2023-10-20,1,2,$198.00
US000009,919,DUPLICATE RESERVATION,2023-10-20,0,0,$0.00
US000009,919,FAMILY EMERGENCY,2023-10-20,0,0,$0.00
US000009,919,FLIGHT CANCELLATION,2023-10-20,0,0,$0.00
US000009,919,GROUP CANCELLATION,2023-10-20,0,0,$0.00
US000009,919,HOTEL FEATURES,2023-10-20,0,0,$0.00
US000009,919,NON - GTD,2023-10-20,0,0,$0.00
US000009,919,RATE RESISTANCE,2023-10-20,0,0,$0.00
US000009,919,TRAVEL CONCERN: HEALTH-SAFETY,2023-10-20,0,0,$0.00
US000009,919,UNKNOWN,2023-10-20,1,3,$483.94
US000009,919,USER ERROR,2023-10-20,0,0,$0.00
US000009,919,WEATHER,2023-10-20,0,0,$0.00
US000009,919,4PM GUARANTEE,2023-10-21,0,0,$0.00
US000009,919,6PM GUARANTEE,2023-10-21,0,0,$0.00
US000009,919,CHANGE OF PLANS,2023-10-21,0,0,$0.00
US000009,919,DUPLICATE RESERVATION,2023-10-21,0,0,$0.00
US000009,919,FAMILY EMERGENCY,2023-10-21,0,0,$0.00
US000009,919,FLIGHT CANCELLATION,2023-10-21,0,0,$0.00
US000009,919,GROUP CANCELLATION,2023-10-21,0,0,$0.00
US000009,919,HOTEL FEATURES,2023-10-21,0,0,$0.00
US000009,919,NON - GTD,2023-10-21,3,9,"$1,109.70"
US000009,919,RATE RESISTANCE,2023-10-21,0,0,$0.00
US000009,919,TRAVEL CONCERN: HEALTH-SAFETY,2023-10-21,0,0,$0.00
US000009,919,UNKNOWN,2023-10-21,0,0,$0.00
US000009,919,USER ERROR,2023-10-21,0,0,$0.00
US000009,919,WEATHER,2023-10-21,0,0,$0.00
US000009,919,4PM GUARANTEE,2023-10-22,0,0,$0.00
US000009,919,6PM GUARANTEE,2023-10-22,0,0,$0.00
US000009,919,CHANGE OF PLANS,2023-10-22,0,0,$0.00
US000009,919,DUPLICATE RESERVATION,2023-10-22,1,6,"$1,038.00"
US000009,919,FAMILY EMERGENCY,2023-10-22,0,0,$0.00
US000009,919,FLIGHT CANCELLATION,2023-10-22,0,0,$0.00
US000009,919,GROUP CANCELLATION,2023-10-22,0,0,$0.00
US000009,919,HOTEL FEATURES,2023-10-22,0,0,$0.00
US000009,919,NON - GTD,2023-10-22,0,0,$0.00
US000009,919,RATE RESISTANCE,2023-10-22,0,0,$0.00
US000009,919,TRAVEL CONCERN: HEALTH-SAFETY,2023-10-22,0,0,$0.00
US000009,919,UNKNOWN,2023-10-22,4,5,$633.57
US000009,919,USER ERROR,2023-10-22,0,0,$0.00
US000009,919,WEATHER,2023-10-22,0,0,$0.00
US000009,919,4PM GUARANTEE,2023-10-23,0,0,$0.00
US000009,919,6PM GUARANTEE,2023-10-23,0,0,$0.00
US000009,919,CHANGE OF PLANS,2023-10-23,0,0,$0.00
US000009,919,DUPLICATE RESERVATION,2023-10-23,0,0,$0.00
US000009,919,FAMILY EMERGENCY,2023-10-23,1,1,$49.00
US000009,919,FLIGHT CANCELLATION,2023-10-23,0,0,$0.00
US000009,919,GROUP CANCELLATION,2023-10-23,0,0,$0.00
US000009,919,HOTEL FEATURES,2023-10-23,0,0,$0.00
US000009,919,NON - GTD,2023-10-23,2,6,"$1,024.00"
US000009,919,RATE RESISTANCE,2023-10-23,0,0,$0.00
US000009,919,TRAVEL CONCERN: HEALTH-SAFETY,2023-10-23,0,0,$0.00
US000009,919,UNKNOWN,2023-10-23,5,14,"$1,372.62"
US000009,919,USER ERROR,2023-10-23,0,0,$0.00
US000009,919,WEATHER,2023-10-23,0,0,$0.00
US000009,919,4PM GUARANTEE,2023-10-24,0,0,$0.00
US000009,919,6PM GUARANTEE,2023-10-24,0,0,$0.00
US000009,919,CHANGE OF PLANS,2023-10-24,0,0,$0.00
US000009,919,DUPLICATE RESERVATION,2023-10-24,1,2,$254.00
US000009,919,FAMILY EMERGENCY,2023-10-24,0,0,$0.00
US000009,919,FLIGHT CANCELLATION,2023-10-24,0,0,$0.00
US000009,919,GROUP CANCELLATION,2023-10-24,0,0,$0.00
US000009,919,HOTEL FEATURES,2023-10-24,0,0,$0.00
US000009,919,NON - GTD,2023-10-24,3,3,$534.60
US000009,919,RATE RESISTANCE,2023-10-24,0,0,$0.00
US000009,919,TRAVEL CONCERN: HEALTH-SAFETY,2023-10-24,0,0,$0.00
US000009,919,UNKNOWN,2023-10-24,1,1,$137.70
US000009,919,USER ERROR,2023-10-24,0,0,$0.00
US000009,919,WEATHER,2023-10-24,0,0,$0.00
US000009,919,4PM GUARANTEE,2023-10-25,0,0,$0.00
US000009,919,6PM GUARANTEE,2023-10-25,0,0,$0.00
US000009,919,CHANGE OF PLANS,2023-10-25,0,0,$0.00
US000009,919,DUPLICATE RESERVATION,2023-10-25,0,0,$0.00
US000009,919,FAMILY EMERGENCY,2023-10-25,0,0,$0.00
US000009,919,FLIGHT CANCELLATION,2023-10-25,0,0,$0.00
US000009,919,GROUP CANCELLATION,2023-10-25,0,0,$0.00
US000009,919,HOTEL FEATURES,2023-10-25,0,0,$0.00
US000009,919,NON - GTD,2023-10-25,0,0,$0.00
US000009,919,RATE RESISTANCE,2023-10-25,0,0,$0.00
US000009,919,TRAVEL CONCERN: HEALTH-SAFETY,2023-10-25,0,0,$0.00
US000009,919,UNKNOWN,2023-10-25,1,1,$126.35
US000009,919,USER ERROR,2023-10-25,0,0,$0.00
US000009,919,WEATHER,2023-10-25,0,0,$0.00
US000009,919,4PM GUARANTEE,2023-10-26,0,0,$0.00
US000009,919,6PM GUARANTEE,2023-10-26,0,0,$0.00
US000009,919,CHANGE OF PLANS,2023-10-26,6,8,"$1,200.65"
US000009,919,DUPLICATE RESERVATION,2023-10-26,1,1,$173.00
US000009,919,FAMILY EMERGENCY,2023-10-26,0,0,$0.00
US000009,919,FLIGHT CANCELLATION,2023-10-26,0,0,$0.00
US000009,919,GROUP CANCELLATION,2023-10-26,0,0,$0.00
US000009,919,HOTEL FEATURES,2023-10-26,0,0,$0.00
US000009,919,NON - GTD,2023-10-26,8,10,"$1,696.10"
US000009,919,RATE RESISTANCE,2023-10-26,0,0,$0.00
US000009,919,TRAVEL CONCERN: HEALTH-SAFETY,2023-10-26,0,0,$0.00
US000009,919,UNKNOWN,2023-10-26,8,9,$891.80
US000009,919,USER ERROR,2023-10-26,0,0,$0.00
US000009,919,WEATHER,2023-10-26,1,1,$144.75
US000009,919,4PM GUARANTEE,2023-10-27,0,0,$0.00
US000009,919,6PM GUARANTEE,2023-10-27,0,0,$0.00
US000009,919,CHANGE OF PLANS,2023-10-27,2,2,$268.56
US000009,919,DUPLICATE RESERVATION,2023-10-27,0,0,$0.00
US000009,919,FAMILY EMERGENCY,2023-10-27,0,0,$0.00
US000009,919,FLIGHT CANCELLATION,2023-10-27,0,0,$0.00
US000009,919,GROUP CANCELLATION,2023-10-27,0,0,$0.00
US000009,919,HOTEL FEATURES,2023-10-27,0,0,$0.00
US000009,919,NON - GTD,2023-10-27,19,27,"$3,996.50"
US000009,919,RATE RESISTANCE,2023-10-27,0,0,$0.00
US000009,919,TRAVEL CONCERN: HEALTH-SAFETY,2023-10-27,0,0,$0.00
US000009,919,UNKNOWN,2023-10-27,1,4,$529.50
US000009,919,USER ERROR,2023-10-27,0,0,$0.00
US000009,919,WEATHER,2023-10-27,0,0,$0.00
US000009,919,4PM GUARANTEE,2023-10-28,0,0,$0.00
US000009,919,6PM GUARANTEE,2023-10-28,0,0,$0.00
US000009,919,CHANGE OF PLANS,2023-10-28,1,1,$159.30
US000009,919,DUPLICATE RESERVATION,2023-10-28,0,0,$0.00
US000009,919,FAMILY EMERGENCY,2023-10-28,2,2,$356.38
US000009,919,FLIGHT CANCELLATION,2023-10-28,0,0,$0.00
US000009,919,GROUP CANCELLATION,2023-10-28,0,0,$0.00
US000009,919,HOTEL FEATURES,2023-10-28,0,0,$0.00
US000009,919,NON - GTD,2023-10-28,1,1,$128.70
US000009,919,RATE RESISTANCE,2023-10-28,0,0,$0.00
US000009,919,TRAVEL CONCERN: HEALTH-SAFETY,2023-10-28,0,0,$0.00
US000009,919,UNKNOWN,2023-10-28,0,0,$0.00
US000009,919,USER ERROR,2023-10-28,0,0,$0.00
US000009,919,WEATHER,2023-10-28,0,0,$0.00
US000009,919,4PM GUARANTEE,2023-10-29,0,0,$0.00
US000009,919,6PM GUARANTEE,2023-10-29,0,0,$0.00
US000009,919,CHANGE OF PLANS,2023-10-29,0,0,$0.00
US000009,919,DUPLICATE RESERVATION,2023-10-29,0,0,$0.00
US000009,919,FAMILY EMERGENCY,2023-10-29,0,0,$0.00
US000009,919,FLIGHT CANCELLATION,2023-10-29,0,0,$0.00
US000009,919,GROUP CANCELLATION,2023-10-29,0,0,$0.00
US000009,919,HOTEL FEATURES,2023-10-29,0,0,$0.00
US000009,919,NON - GTD,2023-10-29,0,0,$0.00
US000009,919,RATE RESISTANCE,2023-10-29,0,0,$0.00
US000009,919,TRAVEL CONCERN: HEALTH-SAFETY,2023-10-29,0,0,$0.00
US000009,919,UNKNOWN,2023-10-29,0,0,$0.00
US000009,919,USER ERROR,2023-10-29,3,4,$493.12
US000009,919,WEATHER,2023-10-29,0,0,$0.00
US000009,919,4PM GUARANTEE,2023-10-30,0,0,$0.00
US000009,919,6PM GUARANTEE,2023-10-30,0,0,$0.00
US000009,919,CHANGE OF PLANS,2023-10-30,0,0,$0.00
US000009,919,DUPLICATE RESERVATION,2023-10-30,0,0,$0.00
US000009,919,FAMILY EMERGENCY,2023-10-30,0,0,$0.00
US000009,919,FLIGHT CANCELLATION,2023-10-30,0,0,$0.00
US000009,919,GROUP CANCELLATION,2023-10-30,0,0,$0.00
US000009,919,HOTEL FEATURES,2023-10-30,0,0,$0.00
US000009,919,NON - GTD,2023-10-30,0,0,$0.00
US000009,919,RATE RESISTANCE,2023-10-30,0,0,$0.00
US000009,919,TRAVEL CONCERN: HEALTH-SAFETY,2023-10-30,0,0,$0.00
US000009,919,UNKNOWN,2023-10-30,0,0,$0.00
US000009,919,USER ERROR,2023-10-30,0,0,$0.00
US000009,919,WEATHER,2023-10-30,0,0,$0.00
